Query,Titulo,Fuente,Fecha,url,Titulo_norm,probabilidad,prediccion,Etiqueta
niveles embalses SIN Colombia XM,Embalses al 77% y energía en bolsa por encima de $130: así está el mercado eléctrico,Portafolio.co,"Tue, 10 Feb 2026 08:00:00 GMT",https://news.google.com/rss/articles/CBMivwFBVV95cUxONmlmY2VYRTVwd2tGTkQ2dFQxc3dnZ0xsUVM1NnAzaUg2c1hSV0RHdGUyUVQ4cWhCbktFUER0eFMxTVhOSWgwQndqR05oOFVfdTdzbWVlQmdvMHlKTUhHNDhMaEdYcTkxWGpMTHFzNWF3X3FxeXpFN3l1cUdsYkpuc2d5OHYwQzNfX2dxT0xuLWZWcmdoVmNoSjFOTUxsUTk0X2d6cS1TMEQ1Qm1ETHVidGwtd19XZGV0UDd5V2w1WdIBxAFBVV95cUxNRmZMSmxkQjY5MnpGd0VYMnMxUnhlanRibE56UVNSVExZRjJYVW4xWmtmVlkwbWtBMVAyT2FfXzFRb2VxOEFpQ3NDX0dWdkpCWThHYjNQYXdCM3VqWGE4THR3TktKbUhpMUV4c0Mxd0FhLVl1Rml4bXV3UmJGOW5pUXFZWjFwbWVTZTNYWlVMSjZtVGgwT0JUNzM0SDlrdlB3R3dqcW5TbVkxMjhfeVg3RjY5ZzZsaHZxZXhTaWl5Q0JQcnQ2?oc=5&hl=en-US&gl=US&ceid=US:en,embalses al 77% y energía en bolsa por encima de $130: así está el mercado eléctrico,0.9506233141268106,1,Negativa
niveles embalses SIN Colombia XM,La pelea entre el Gobierno y las generadoras por botar el agua de las hidroeléctricas,LaRepublica.co,"Mon, 09 Feb 2026 08:00:00 GMT",https://news.google.com/rss/articles/CBMiwgFBVV95cUxQdVJTS29NbG9hOEhRV1dGamMyb0p3UkNvMEY0aEItZmJMbXdUN3ZGbmstU0dzOHhnZ1ZXWlJLQTc4U093Yk5WdFczbUpXOXhpRTM1SnlpMnVZS1diYTV4Q0ctUktBT2V2ejhoUFp1Zi1xUHhHdFhOTzh5X0tXaEtOQ2Y2d0U4ZHg0NUdiUnVNTDVzcUMwQ0FZN19GLWJEbWFuc0FXckd4WjJ4djFGSkJHMlgxd2xPd2lkZ1pxRTczLXlQd9IBwgFBVV95cUxPd05ZUDhaanA3V0xyZGE5TUwxZktncHB4SkVNWXlkM1lnUHloVlo5YTRLQWpfRWh5QzZsYUw0YVh0RDhWbDNjeC0tTUlGamtqdV81UC0tQ1Y4amowSE13bWRLMjJNZ0drN1JFeGtXVDVETTU4U3dYa0dUdXlEbVNJTFFDV2I2RHBSWGZGTlZaT2wyR1RwcFozc29LM3dTb3NkOG5Qc3hlcjN6X0Jxei1aeUVLQnhYelB1RWdQTVNqbEk2dw?oc=5&hl=en-US&gl=US&ceid=US:en,la pelea entre el gobierno y las generadoras por botar el agua de las hidroeléctricas,0.9735940768327644,1,Negativa
niveles embalses SIN Colombia XM,Precios de energía en bolsa caen cuatro veces frente a los de 2025: ¿se verá reflejado en la factura? | El Colombiano,El Colombiano,"Sun, 22 Feb 2026 08:00:00 GMT",https://news.google.com/rss/articles/CBMirgFBVV95cUxNa3BvVDNBUmptM3B2MmJRbGFoMkx1QlRyTDFQWmpPQTNGNlR2Z3ltSUROVTBoNUNGNkx5MU1QcUY1T2w3VERPT3NVRno3UEN2OHVMa1A3aGg3a0pibklvR2FCYWFkelBHRGRlZ05rUks0ZW10T1JmNFg2RmR4TDVSd3hXWF90STFsajEzTTZmOVZpSWRaVS0xYUNGV0tQM1UwQThoOGxySmtLczFuRVHSAbMBQVVfeXFMTXlrRDJoM2tJbmFudzF4V25GZUJ0bTEzMFRLWUpuVVUteU9RdUFEYU4tbVUzQWlqX29nc2MzcDRXMjNCeE9vTVJrNEZWa1lRSmVJa1NCM3dUbTlfQXp3RUh0VzhLM255NFV1LTRrMktaRE05VzZlQi15WmtzdEg1S1RKellldmNFR2luNUxaQ3RlaGx4bU9vNTN4cHZYYk5ZU0tCNEhaZTlaVVhieWhZX0tMYUU?oc=5&hl=en-US&gl=US&ceid=US:en,precios de energía en bolsa caen cuatro veces frente a los de 2025: ¿se verá reflejado en la factura? | el colombiano,0.96925436887197,1,Negativa
niveles embalses SIN Colombia XM,"Emergencia invernal no solo amenaza a Urrá, estos son los embalses en Colombia que rozan su capacidad máxima",Infobae,"Tue, 10 Feb 2026 08:00:00 GMT",https://news.google.com/rss/articles/CBMizgFBVV95cUxPNS12SHRrVFFtdjJxd3BQLWJTS2cyRnBfMFU2VHkzMThyY0JEQkNXWFFnUjF3QVZoNmZNeTk1bDhQdlN0anJmWXM1YlVBVFdtYnA4SEVfSnd3YnJJNjJlRm5ZS2VYYWJucXB6elJzbGNSZGFoVWtQSk9HdVp4Y1U1dDFzRDdwSmlZaE9CLUowOHNLZGUyR05YMGd0YUV3TmlmWVFFYWp1TnBqdmJoOVZxN2hoc2FxemFUUmp1THR3UzlHbkI0QllKS1VwR2VDZ9IB6AFBVV95cUxPNDEwQmRnekVvSnN5N1VoTHc0cWZhLWJBa0lWNmRleHljNV9FY1hfYzdjdzV0VXZUMWZrcDFKU0pXNHZmaDZUR1pXYkx1dFBCc2p1RE96a2JyU013cXpCejNZZzVNU3ltZ1FXbTFkb0hobnJuNE8wdzk2SEpELTdDM2pOWGU2WTFGTXhqMEQ2U1JhWXpSOWg0b3hFNFFJOTQtc2JQd3BQVURXQlAtanp0akZJckIyWXczaHV1Zi1VOFduQjE4Rm1Ed2ppME1FejA5ZmFuRm5ma3UtMGlyV0JScDFZOWhPVVlL?oc=5&hl=en-US&gl=US&ceid=US:en,"emergencia invernal no solo amenaza a urrá, estos son los embalses en colombia que rozan su capacidad máxima",0.9506233141268106,1,Negativa
niveles embalses SIN Colombia XM,Vertimientos de agua en Colombia: ¿cómo se realiza esta acción desde los embalses?,Portafolio.co,"Mon, 16 Feb 2026 08:00:00 GMT",https://news.google.com/rss/articles/CBMilAFBVV95cUxPWDR1TXJWMmhta2V1NFVYUXNBV3dNS2xjelNjVmdhVk5najh2dkFzZGdTOVNBOXRrN0sxek1Hckp5TW9YM2h2c2RDMXByT29sNXlORE00c3AyNGM1QndIY3NfYWppdXIySi1VR3RPWWQwNldnQmRKOVpCYUNQWTF2dHF6SlVJak5uanZGOEdQaURMa19j0gGaAUFVX3lxTE5BeUdFRDhMTU5RM29UQnAxci14QWVKY2R2NkYycDFXMHYtc0VJRVZzOEk5bC0wNWxhQk8tN0Vud3E0TTFVN2N1MXR6TXE1LVFZWWZ0bk9PQVRxemstN005UDgxU1Ezb2hXY1dFQVBBXzlXN3lRLWVJOXI0Uk5SSkZyaVh3V3VMam51bzJNNmxLNzI5eGpia0tReUE?oc=5&hl=en-US&gl=US&ceid=US:en,vertimientos de agua en colombia: ¿cómo se realiza esta acción desde los embalses?,0.9506233141268106,1,Negativa
niveles embalses SIN Colombia XM,"Así están hoy los embalses Urrá, Ituango y Calima | 360",360 Radio,"Tue, 10 Feb 2026 08:00:00 GMT",https://news.google.com/rss/articles/CBMihwFBVV95cUxOZHlqeHgwckpqbGlxbTZvN3JxWC1wWnZURFhKclFkNGJSODJxbWl1TG55MUwxaGhaTmxvSUk2ckxRbGw2NVY0bkpnc1N4QVVMUU4tb1JNWHgycjBROE9xLVNLeXpPS2FaTjdYUk1YUlcyc2RNM0pwcUc2cno1VWZPQlBDQVI1WUXSAY8BQVVfeXFMTjVtQWp2WUVqc3lVZGFpT3Q1VWtBOWVRMjZPczRYZzdHakpyZ1Y0VldoQzk5MUZrdGs2NWx5dlI0b2pkaTNkVUM5WjRJTGRUSEJtZy1UY0VFZmhlVmM2X3lKQlRzZWVla3RBZ2pSUkQ2WUt0bW04MlBscmZadzk0Vm4tXzJjaDFUS0gyMkpsRGc?oc=5&hl=en-US&gl=US&ceid=US:en,"así están hoy los embalses urrá, ituango y calima | 360",0.9506233141268106,1,Negativa
niveles embalses SIN Colombia XM,¿Cómo bajar la presión del sistema hídrico ante incrementos en los embalses?,Portafolio.co,"Wed, 18 Feb 2026 08:00:00 GMT",https://news.google.com/rss/articles/CBMitgFBVV95cUxPS1hjdnRvVXNYRXRsVTltMTRaUlkyWFpDemJsZXlJbURpWEdpcDBXLTdYWGRvbjJ0TVE5c0g3aUU0M19WRGJqZlljQlpoWW1GaWtSWVZXUzBKOFVHcFRwLWg4ZUY0ZWo3RWMtSGhXWElTLUFUbVJsWTRkejRnNEF4Y1U0ZmhoSEZsR01MLTNsRm5fX0IyT1RneEJRWDd0aWxUSjFKN29FbU9KQXQxWWlXZ3QzMFNmZ9IBuwFBVV95cUxPeVc1ei1LeEhRRUp2Tm5zMmVDUUVucXQxNnpmYzRKZUREVUtfNS0zc1o5NTBBY2h2eDN4UUZGZzBfaEN1ZVc3UFJmU0NTazBsQ01ISk9LTEx4X1Z2Q3N4TGpfd01CVmctdEJzcGFzbGN1cWxaX0dmNWxWcUpCbnJNelpRbllSVlRhQWtxdmtxRFA1MVZCSTRLSjd5SXJsd3BJN1BhbzZoME5LQVNCS090dG5SNzd6a1hZbGxj?oc=5&hl=en-US&gl=US&ceid=US:en,¿cómo bajar la presión del sistema hídrico ante incrementos en los embalses?,0.07422133192870241,0,Positiva
niveles embalses SIN Colombia XM,SuperServicios pide a XM priorizar hidroeléctricas con mayores niveles de agua en el despacho de energía,Semana.com,"Thu, 05 Mar 2026 18:55:00 GMT",https://news.google.com/rss/articles/CBMi9AFBVV95cUxOMk5YOWYwRUlUTGxjZTNjc3Nnc3VoaHNnQS13YVZ4eW53Wmx3b0xnVDF0ZkkyVU1ZSHlVbHFDSDFwNVNwRnE2ZmpWWGQ2d3RrMEFhcnBET1VhN3lDcTJ2dG0tdEFlR3FKOEI4WXBrVHBpQ3pBcXgwd2ROLVJDdFJEeFktQjZTdkR6YjE5OXZ6U0l6MnY1WWZXWTlYNlVlZEc1MVVhM2lNcG1MZE8tM1dUSXE5RU5jVHp3NE1lcm9wNmlJWnhxc2VMWWRYcHVxaGtZb0poQVlRV0doR2U1bjhDSDVNeDB2ZE9feXFfUjJWXzJRQW1U0gH6AUFVX3lxTE5yeGZtLWU0dlVNTTY1ZjhXb1V1TDd5UDZvSUprV2loa2FOaVp6clRWVEY1UEVIbnhUVmhjUkd6d1lIaXE1Z0NDRzNNSl9JM1E2bEpfSEd4ai1TMnNKUDVaakZreEpBWVc1azJwZFRfZjhOZXVqczN1NlBGeHRmRWdMYkpnclJHSko1azRxNno3VlQzR1dieTNlNjZnd1RlcFNWT1A0TzJyTXRPZVdSOXphNUNoVHNyaDBiUWxOSzVkOHktbDlUb2QtZ0gxZlQ5dlpTa1N0YnVLaHhsNUhMbDlsVnU3cHZEcEgzZHNETWF4QWh1NzdvV01NM2c?oc=5&hl=en-US&gl=US&ceid=US:en,superservicios pide a xm priorizar hidroeléctricas con mayores niveles de agua en el despacho de energía,0.9735940768327644,1,Negativa
niveles embalses SIN Colombia XM,Superservicios pide priorizar hidroeléctricas con mayores niveles de agua para el despacho de energía -,emisoraatlantico.com.co,"Fri, 06 Mar 2026 03:45:41 GMT",https://news.google.com/rss/articles/CBMi4wFBVV95cUxNZFZjb3o1V2JHMGxHVVdVWW9WU0taOFRWM0lXMzlwSE10QlBYQ3hBWGlaeThUeGJrX1doNnBwWnpKYmNGbkduUGtpcG56c3lqLUpvcFRoYU43RnE1Q2tjNnZrS283OVkxQmZmT3IwUVFCeUgtemVac0NqaGxVay1KaUx0Ql9Nb09TVVAwWnlUVDdOcllrbC1NbE03VklmM3N5VzJjdm9wTktScFN5dEl4RVN4dzRkNmVxejZvWjZtQ0QwV2VRNlk3V2RvMkphcDk4a3U5SnlBTXV5cUdEX0tWeHF6a9IB4wFBVV95cUxNZFZjb3o1V2JHMGxHVVdVWW9WU0taOFRWM0lXMzlwSE10QlBYQ3hBWGlaeThUeGJrX1doNnBwWnpKYmNGbkduUGtpcG56c3lqLUpvcFRoYU43RnE1Q2tjNnZrS283OVkxQmZmT3IwUVFCeUgtemVac0NqaGxVay1KaUx0Ql9Nb09TVVAwWnlUVDdOcllrbC1NbE03VklmM3N5VzJjdm9wTktScFN5dEl4RVN4dzRkNmVxejZvWjZtQ0QwV2VRNlk3V2RvMkphcDk4a3U5SnlBTXV5cUdEX0tWeHF6aw?oc=5&hl=en-US&gl=US&ceid=US:en,superservicios pide priorizar hidroeléctricas con mayores niveles de agua para el despacho de energía -,0.9735940768327644,1,Negativa
niveles embalses SIN Colombia XM,Superservicios insta a XM a priorizar hidroeléctricas con mayores reservas para optimizar el sistema y reducir costos,elnorte.com.co,"Thu, 05 Mar 2026 22:55:33 GMT",https://news.google.com/rss/articles/CBMi2AFBVV95cUxPMlNuY25VbC1keFhZZEU2OEVaSzBMb0ZFaWNFME1nR211RE5qY3lkbGlPeXJMN0tYcFhoLVI3bmxOYUoxLVZ6T3F4UXhlb0U2T1I0T25UWE1sbGtwdG9yd2RwSWR6eG9FOU5vcmNaYjlMcVlpM09ORXZBcm8xMXBkeFJ0OHJITXZEeVphdnh6QUlWcWhVYUxnTGVRSDVkM2J0V2oxZktPdWxQMzFzZVdDZ1dJLW8zZGdkMXBqbl9WNm1Sa0VOMlh6aVVkMmtpUm9tTjRwc0kzZVc?oc=5&hl=en-US&gl=US&ceid=US:en,superservicios insta a xm a priorizar hidroeléctricas con mayores reservas para optimizar el sistema y reducir costos,0.9735940768327644,1,Negativa
niveles embalses SIN Colombia XM,"Ante embalses al 100% de capacidad, expertos proponen soluciones",El Quindiano,"Mon, 02 Mar 2026 04:05:37 GMT",https://news.google.com/rss/articles/CBMipAFBVV95cUxPS3FCYWU2dDB5eE1zZEh6bFMtbkc2Qy1WXzhwYmtETlptVFpPSUtMaWdaTExaWnJGT2NOYWpHVzFzSDViYW8yMEt0X2lrN2xGNmxnZ3VkTVNic3V6ZTBoQk5NdzlKaXNPRTU3emxqT0dCMHgwTjV0MzhaRUVsZUhWdTJqMVFtVkJJV2hSY0hYTWcyM3hZakZqaEc3a0RscEVKTGNUZQ?oc=5&hl=en-US&gl=US&ceid=US:en,"ante embalses al 100% de capacidad, expertos proponen soluciones",0.9506233141268106,1,Negativa
aportaciones hídricas sistema interconectado nacional Colombia,Embalses llenos y lluvias intensas en Colombia: cómo aprovechar el exceso de agua,Valora Analitik,"Wed, 25 Feb 2026 08:00:00 GMT",https://news.google.com/rss/articles/CBMisgFBVV95cUxPQ0VLS3BxOGRneTktMTZIM1lfQlJ3dUZQYXRIbzBCaE94bFpzdTdjNl9NSHF0bHlZVkVsc0xfR0QwMVFmWm5zeGJMTnJnUFlBZ1pJdDBJaWRPVk1lR2o4Uk1UOVBWX2QzYlBRZzFCTUhVSHVXZWNFRkJyVWY2WF92dkRJeUVVckxhMGFYdmxpRlBJa0NKWExRWkJMb2RKcEkzVFE5TTU3b3ltX0lWX00tcFhB0gG3AUFVX3lxTE1leWJrTHNaZVNoeUlFZWpnaWJoZnBhSHRzbTRqRlVYbDVaNUxOUHYxVWF3X0FlbmV3SjVYT1pHQ1BYMmRLZVQ0eWxadnB0MlQ3OFRiWWlRaU9yN083T2N5cjVsVHFjSlJFQTBCNUhwenJETU9kWVdvZ2tFX3dJcVA3R3JUYlNsMm1qbUlmSjBxY1J4OFQ3cGtJNnNPSVA4VTRSY3R6V0RyNTFpX1VxOVF4VmNUU1RyQQ?oc=5&hl=en-US&gl=US&ceid=US:en,embalses llenos y lluvias intensas en colombia: cómo aprovechar el exceso de agua,0.008131438209881428,0,Positiva
aportaciones hídricas sistema interconectado nacional Colombia,"Por alto nivel de embalses, Gobierno pide bajar precios de energía",lanacion.com.co,"Wed, 11 Feb 2026 08:00:00 GMT",https://news.google.com/rss/articles/CBMimgFBVV95cUxPenpIRTUxVW5xdFlLanRobnA1eUZoaEctQXNKZGd0N1hhakEwa0VMQ3NRa2REYVpPLUdycTBFMDVJNmYzV0NMYW9JZEdNSUx6T2hNNzBzRS1MRTBuNkRIMHJDNy1WWGpUcTRGYlRPYWs4c1U1Z0pnc09iX2w1OFRtTTJaV1JvWnRFNEctV180YVd3NnlSd3RrQkV3?oc=5&hl=en-US&gl=US&ceid=US:en,"por alto nivel de embalses, gobierno pide bajar precios de energía",0.06415123655382292,0,Positiva
aportaciones hídricas sistema interconectado nacional Colombia,Inician vertimientos en Hidrosogamoso por crecientes en la cuenca del río Sogamoso,Blu Radio,"Wed, 25 Feb 2026 19:45:20 GMT",https://news.google.com/rss/articles/CBMizgFBVV95cUxPY1VuTFFSSW12WEpQa0oxM1pRc1hmc0YydURYSGtvODJuXzZULTBZOWNzM2Jwclc2dlBVMExIaGhGTzZ1QmRaVGN0T3Z2aTBqMGNFSTFTZG9UbHcyQlpHM29XVjE1NG5YVF9RdEptMkV2bnRTOFQxN2JLSmZ5WmJGWjA2aTFZc1ZVZjRoelNZYjN4ckpCT2s0ZFlyM1VtZ2lHc3ptRjZLYTFGS0YwMkhWOW9fSjdhSm9XeXo2bjM0Y0FseC13dFR2dnpISHhyQdIB2wFBVV95cUxNYU9pbEJfQnNWVjBZc1RmZ3A2ekR1NXhVd3M1R3FpUnNLOFgzNGgtUmRYc3A2UUxPRkdDMloxYXFscUZQb2JjcWNLdEZxQ2w5VTVBcUlfeW1NdTZ5elpwbFhKMmtOMl9kTno2aXA0WGxXZUNyOUE4S2t2VEZ5bmdkODRxNmg4dGdveGRuR0dvbENaYWtxTzYxWmtOX21BcWh6R1FjcnlPM0RFSEIxbkxka2dSNkZHQkx0VWpPR3JyWUZKUWVCSDRrMWpSa0FmS2tPVDBDU0swM3FZbGs?oc=5&hl=en-US&gl=US&ceid=US:en,inician vertimientos en hidrosogamoso por crecientes en la cuenca del río sogamoso,0.9735940768327644,1,Negativa
alerta racionamiento energía Colombia fenómeno del Niño,Colombia está en riesgo de apagón y ya habría fecha para un posible racionamiento de energía que afectaría a millones de personas,Infobae,"Wed, 11 Feb 2026 08:00:00 GMT",https://news.google.com/rss/articles/CBMihAJBVV95cUxQVlQ0RkFsSDR0eXFOSkxPVXE5N0dLTWJBaWNDbWtMdS1rTm1MUXoyRzZJRFBRdFhBM3VaVE9WdmZyT25pbjl1MWdzVnpiV25XQkZGVlNHMGUyak5UNDktdk8zd2w5Q0RDUVRsemNtU0lNYkFQeXBoN18tRGxvNUJfOWl1Y3ZQRmNJV2tQcEpkN2JkcXhZMElfU2ZHaHc5YmxMemJleTdRTDV3dkNuVERLcW14ejM3Vk1pemQwdGRiYXE0MXFLU0J3M0ZMVFVQZExXc1NncHd4U0ozZVpfS0RFOEtla0puamR4ckY0d0ZvREJXQzBZT21laWFHVlB3b250V1hjStIBnwJBVV95cUxOVlJUaklRbGtRQlkwOUV5TVB6YXJ3Q0JtMEZHajZxT1gxWmZjQkdrLVdWWVNTWDNZQVN1WFhBT1MyUjhFZkNmalAxVmYxZHpSOTExZmNQTkhDZ1VGMlpiWDN2UGdUWHlpUTFockVtdkJaQXVjTUJJQlVEcGhEaXg1S09oY1c4RFNId1NxSjVoNHRxUEdGZWxCX0NjeDR2TWpjb05WQ2RsQzVoTUU4S05sSUg2TmRZNGIyZmVRNElZN05wbjJ1MC1GMF90SUs1dmFLWkd3eFlpLUdaWVQ5NE85TUxPRk45T09VY3dGWURMOEVqZmtxd0xfMlh3Y1RLUzFKTU9TT0FPRDZUZWhDQXZoR25HZzdMdUhGWjRSWkZPYw?oc=5&hl=en-US&gl=US&ceid=US:en,colombia está en riesgo de apagón y ya habría fecha para un posible racionamiento de energía que afectaría a millones de personas,0.9735940768327644,1,Negativa
precio bolsa energía XM histórico Colombia,Precio histórico de energía en Colombia: ¿por qué no baja la factura si la bolsa está en mínimos récord?,Pulzo,"Mon, 23 Feb 2026 08:00:00 GMT",https://news.google.com/rss/articles/CBMi0gFBVV95cUxOWmZMWUNQRWZjWk5TcWlMdjJCcWZORFJFSHJ3NTlQbE5qblNVcFhCUm9SSU8yTHJPZ2YyX3BzMUtQMFZCU0hYVDU4TGxYamhsTlE0Wk1mREJWNUZ1UGhjWkZJRWNuRm1DeDc1ZmF0ODVRd1B3amxQYVlETS0tWkgxd1lXUWJ0Zmx2aVI5QTgybTcwaUdsdTd3elkxU0x2U2dzWUQ4am1wcmdQTjV6bWg5bUJrcUhweWJNTkNKeGJVMUU4cnc3ajBJQV91N3N5dmxBcmfSAdcBQVVfeXFMTnMtQVhmQ3RVQ1JGcE1FNU04VmpFQ2NmQWx5aU9yQUpNSVRkRWhzeVZnVFQ5S0xVQWNhUGdSN0NwOWhxTDIxWWp3dmd5am45QWlERHQwZ1JhZk11RzFWTnJOUVd0amkwYjFlU0pFdUxISXJKTUx1bkN0LU1jdjBDRXZISW1sdGh5UkhBSzZ0VUN3YktWY0lJaWF3cFhRdFo4b1UteEF5NFgwTUFGTGFQUGVOLVBPX2lhaEQyRkRzQjA4dEk5aGswNHpaUWNLeVZKYUJqR1d0elk?oc=5&hl=en-US&gl=US&ceid=US:en,precio histórico de energía en colombia: ¿por qué no baja la factura si la bolsa está en mínimos récord?,0.3397062383401765,0,Positiva
precio bolsa energía XM histórico Colombia,Con lluvias intensas y embalses en niveles altos: ¿bajará el precio de la energía en Colombia? | El Colombiano,El Colombiano,"Tue, 03 Feb 2026 08:00:00 GMT",https://news.google.com/rss/articles/CBMimgFBVV95cUxONzdrTFFsQnowMHdJMHlkY3pZV0RFYWFCSHV1T0FQdUlybmRqNGZicHRyMlZKazRRN2l1MFltU2VES1ZYRWNkWE5IcnpvV2RDZjJfd3AyUWRDNU81QkkyaWZ0bGxZS1FhM1NxM3ZCWFV1b2l1Q25lVU1PYVQ4U2xicTlJX1N3YnZZd3VWcURlZnpaREhXMU5lR1VB0gGfAUFVX3lxTFBmQTlaUEJqd3BuamxJeW9yNHVOYXZyQUc3OGJyZGVsc3huNEpCYnB0TXRKaWRwUXc2UWN2eTRlS2tvcGNNVDRrUmdXNDBnM3lFejVBWVhFMk0tb0hvNWVBNmN0UnNQdkFiQnNJcHRrVGttbE5LSnB6VERvQS1nV1AtOVA5aUNIanBFWXdZNTgwZnE0NmRBN0owLXZyVXhLQQ?oc=5&hl=en-US&gl=US&ceid=US:en,con lluvias intensas y embalses en niveles altos: ¿bajará el precio de la energía en colombia? | el colombiano,0.10054142695861139,0,Positiva
precio spot energía Colombia variación diaria,Precios de energía en bolsa aumentan pese a que embalses están en máximos: analista explica las razones,Yahoo,"Tue, 10 Feb 2026 08:00:00 GMT",https://news.google.com/rss/articles/CBMikgFBVV95cUxOR2xDYmhJWUlhd1JhSHJjWjVSSTRhcmd0bHBsRWlZN1diMkxNNlpmR1cybHN1YkdPVVM2VWwxVFYxR1hpeFNrQlN4QW5Ed1ZSbDVaVFZKS3BrX1dkU0lTYjQwZlI2Sm0zSF9ZZzJUeXBtaERwdEh6alVrVFN5cFVMMmlMODlhS3EwbXFXWU9NVlRCdw?oc=5&hl=en-US&gl=US&ceid=US:en,precios de energía en bolsa aumentan pese a que embalses están en máximos: analista explica las razones,0.9427305179898955,1,Negativa
precio escasez CREG Colombia actualización,Colombia tendrá mecanismo para estabilizar tarifas en el primer trimestre: director de la CREG,Valora Analitik,"Mon, 23 Feb 2026 20:17:53 GMT",https://news.google.com/rss/articles/CBMiwwFBVV95cUxQUWpYNkVBSVRIZ0pNeFBTcUFjeWpNTllzNGI1QTkzQ0hWQmNnV1JtWTJ6RmFyaGxURV83YzR6SE9fSWxKdnRBQlR5bnFUSXB5QWpBR0JJcHVzT0xIczJOb1FyMl9BbHRNRWNJUXkxTkNrUWRQb05ob0lQRjdSbm0tVElfRUtEeFBGdkpxLVJFc1FsN3BNUDdubFZoNUtkVXUyS3lVbzFtU3pjSUJfTU93TmhvanZjOFY5eHZGcGEyQ2F5b1XSAcgBQVVfeXFMTkkzY3p3V2lYVURKNUxfTm9GME9MVGt6U0Q3b2ozeVAtdzhNNGs0OFJ4UXEzSDhYS3FhWFE2OHZsWThNRzNibVczYUVXZDZ4SlltcWFDQkRDTy1mUW91V2dGUzNnRERMUlVLYV9UQmtMTTg0a3pDTGxnSkEwdGZWckdRYngwbGtXMEFqbGJOTU11RjBvdFJRLWt0M0JfS1hQQmRjOUNxVGpuSURhb3FSeWlXX00zSTlxa25ab2xUN3phMWtYMWJPVlg?oc=5&hl=en-US&gl=US&ceid=US:en,colombia tendrá mecanismo para estabilizar tarifas en el primer trimestre: director de la creg,0.9716133745087822,1,Negativa
precio escasez CREG Colombia actualización,Urrá anunció que se acogerá a medidas de precios de escasez por tecnología de la Creg,LaRepublica.co,"Thu, 12 Feb 2026 08:00:00 GMT",https://news.google.com/rss/articles/CBMiyAFBVV95cUxObVYxVVJiLXpaOFJHOXZ1d042eUtUZ1pfS0k5NUNlNEtTWW5xOWtONEw2TU00aEZTUXJRN1l6MFFmT3RxazZDRm9WUzg1UTRUVXVIT3B5bi1vSnJfYXNXVzhLNktXMXJSa1pPbFlIVXNIVlFUamRHckxKMW93Y2kwYTBZNF9oZl92UXZaeFN2SEZvNkc5N2taYWZoNEJJQzJjd1NYbXhDUllsVlk3VzJ6WmhtMkJEWVl6c0FMYThUYkUtSUV6M21OddIByAFBVV95cUxORkVFeTE4Q092THI1ZU9DYTdYaVhfV0VPdkdhdnpEeVc5SjlrS3dMWXJOSDVLaElFRFRFWTFzR3JNbTMwWDJjRndReVZmVGN6NjcwOXYtcjJuVVlXZDgxV3VBSFhLemhBLS1OMWJPNUhMNExkd1F5Vko2TzhRRHdnQjlfbXhnampibHRPNHI5a2c3amtVZ3cybm0yUEtJWVBhZjJfNHJ3YzJFN18wVldweUwtU012NWZVekJoTnFOMWM1WEpQRkpDSA?oc=5&hl=en-US&gl=US&ceid=US:en,urrá anunció que se acogerá a medidas de precios de escasez por tecnología de la creg,0.96925436887197,1,Negativa
precio escasez CREG Colombia actualización,Tarifas de energía en Colombia se estabilizarían en el primer semestre de 2026: Gobierno Petro explicó la razón,Infobae,"Mon, 23 Feb 2026 08:00:00 GMT",https://news.google.com/rss/articles/CBMi6wFBVV95cUxQdmRfWHVLdUJnLXhlUVktdTlGc3VOMTdPZ1JhVTdsR21kdFU4S0E0a2FhQjUyYUJDUHA4TUJRMkVSVUw4c29BSWVndFc1R1R1dUlEZFB3RW1OSlc0am9oMW9xLWtyVDBBTDRMSnJQTFo3Q25SdnhFcG5BQkZTaGxFbVJ3d3VjNkVYWEZQN2xZZ3dFaW1ZWXEzSFdzb2Z5ZFBLZ3ZqeWV0Rzd0NFIzOW9nWFdpWWNiN3ZwTlRYNWszZEtQQWcxcko5SUhQeGt4cDlzaWVvekpRcjZJSmtaal9JMGQ2NVV0UERfZ2hN0gGGAkFVX3lxTE9GRUxmVDZPb2FLQlF5NnB3OUNtQzhKdzlJcWJ1Vk5kT2pHMzByMm9oMDlEaF9lNXNwS2haRWFyQlZ1bWxCVGJqYzVTLVhweE9peWR1THN5c2J1d3ppY0IyV3RVa2RGQWY5WGMtcWZlZlJVM2s1UDhGeVFfRWdGallSc1ZFQTFWeGlaYUhBZ1FJT09fb3loWjlWWlNLbjh4OTlHSWk5aTRneUh1Nm9jS05HRE9lTElVdUtGeHczb1k1SEo5eG9fS0xpYmV2MzkxZ2Y3cC1EMV9DLW9qXzFXanJBblVFRHI2TjE2b2s3ZkxxNWFteFJtQmthRTZ0R2V1SlhUNVlfN0E?oc=5&hl=en-US&gl=US&ceid=US:en,tarifas de energía en colombia se estabilizarían en el primer semestre de 2026: gobierno petro explicó la razón,0.9716133745087822,1,Negativa
precio escasez CREG Colombia actualización,Urrá se acoge a medida de precios de escasez para proteger usuarios y estabilidad tarifaria,larazon.co,"Fri, 13 Feb 2026 13:04:39 GMT",https://news.google.com/rss/articles/CBMisAFBVV95cUxQRThEVkhYV2VwMG9IU2dfZTRXQVE4WjFYb1pDNUZ2ZGNsQWlaM0loNGRTNklKM1VhbFJxTFlVTmxpSFF3TmZlRDUzYldOSlVMLURDMnZfY2pxYjM1OVV5eG9zMUxXdXNjS0M3ZHl2VEp5cDVBTGpVdEkxWmlpTlhpWGVvZ0x6UFJXcGtfd3FYQjlrcjA4M05IVlBrVFM0Rks0RDJfSkR2Y29zT1RuU21ncQ?oc=5&hl=en-US&gl=US&ceid=US:en,urrá se acoge a medida de precios de escasez para proteger usuarios y estabilidad tarifaria,0.96925436887197,1,Negativa
precio escasez CREG Colombia actualización,EPM aclaró las razones por las que no se acoge a la nueva fórmula para fijar los precios de energía,Caracol Radio,"Fri, 20 Feb 2026 08:00:00 GMT",https://news.google.com/rss/articles/CBMizwFBVV95cUxNWW9BOHUzbnpTLVFsdnZGZGxNdk1jdUNteGNBVWxpS1lWUGs5WHdGNUV2NnU0bUp3UHJnbS1Oek9PZVNpSTJudkVrUExxYld3U2ZxTzV2blVpTEdYZ1ZkV2JUcXFKZllfeUpFWHozQVZieWVGNF9BQk1ZaFYwR21rekdRMEM2eml5UkhwOXhrS0ZBOFdzS0FfUFJXbU9wWWdjTHlwNVN6MkRyc0EtVE9zTzFuOFpEdGFtVlZWMElXMDE1d3l2LUtNWFVvTXNZUHPSAeMBQVVfeXFMT3l1Z2xYeHQyNE1tNEd3RDJtZGtCTU1mYktiQm1qZFhvQXFXVmRpVmw4Zkt6Z01naUhhMllSRl81NC14d3FiSEdnbGRiSTlUOWRGVlhnd0FIYTA5cDNScjIxS0c3cm51RDVoSHhsWFU1clRMMG9vb0hUdi1KdUkwLTFfc3FuNm1wOHhVRWZZeHNCQUM4UlpNMmJDUUJwdFZtcXczTE5LM3Z1c241WjNxMmVoM2FyMGVQS19qbXE4S0hTODAwVXdfWC1mZGhJbjY0MFY4N0lRQ3dXZFoycUdRTUdFVkk?oc=5&hl=en-US&gl=US&ceid=US:en,epm aclaró las razones por las que no se acoge a la nueva fórmula para fijar los precios de energía,0.96925436887197,1,Negativa
precio escasez CREG Colombia actualización,Bajarán las tarifas de energía en el Caribe: Urrá anunció que se acoge a medida de la Creg por la emregencia invernal,Infobae,"Fri, 13 Feb 2026 08:00:00 GMT",https://news.google.com/rss/articles/CBMi2gFBVV95cUxObFN5N2liMXZnZW5DSzdValZfMEVVLWNuOS1lMlBIQUVrc1dWQnF5MllCTGdPQndqTW4zaXowTzEyRGpfMGp5RjlXcUZxb2p3TU5iY1dGbC1vekZPMzZZOUdEcDQwSkxCYjRCdGZBQng4Smx2dE0yRTlvZEg2cE5aMEJfendHdkgyUlJhNFNuUmEyQXRQLVRLMEJZV05RVXZqVTNHaEFtYU1GWEhLdlk0cHFWSGlSYjA5OVZsYmpKQjNuWVJ6SFFXVjNFWDE4YkxON0xLQUVTUXVUQdIB9AFBVV95cUxQWFAzQ01veERsakpSSnM1X3lBcnY1WjJic0dDMkJDdG1SN1BOQWdNTl9MS2NxYk9oM0dfSzcyUnJfOFlzS0JfTXktNm50RzJYTTY0TVR4Yk1iTjBOTjZnQ19NN29WUkU5cTJtZWtIazBzalBWek5tU2F1RVRiN3h0eGo5ajE1blczdXA3eUxZbUlaQXRJbmY3emtiZ1A4cmE4RFpxYzhweEJ1Z19DNWlwU0dPQWU3N3RFWEF4QzFHQ0JnQ1g0dW0wZWMxalZTeGhrV2VPNWFRdWtLTE5IdW9hZnRoQ1BVRGNGOTM0MTFqSVAtLWlz?oc=5&hl=en-US&gl=US&ceid=US:en,bajarán las tarifas de energía en el caribe: urrá anunció que se acoge a medida de la creg por la emregencia invernal,0.9716133745087822,1,Negativa
precio escasez CREG Colombia actualización,Urrá anuncia la reducción de precios en la energía luego de choque con el Presidente Petro,Caracol Radio,"Fri, 13 Feb 2026 08:00:00 GMT",https://news.google.com/rss/articles/CBMiwwFBVV95cUxPcmtsS01NOU50d1RtVjg1dUZ2OHloQTJxUlVLaU5jSkw0d3NDbEZZTGI0Zkd3dXY1VTdsaVg5UGFCUlJZY2sxWkYtejhiVDlxNkVrZVJ3RnpvMU8tUTBEYjdVOGZOM2t3THdWUkh6OGdLeHBsRmlQYjFJSWdiWjBybVVhNzhHNUh4NTY4T0JOcWNNWkpoY2pkZzREcnBFRUdwY2UtX3Yybmt6RVFXcGQwV2dabWNDSDBNNlNsTjdnS1BTMlHSAdcBQVVfeXFMTlVqVTZvTzN5MzBRN0RyUlhXMUFMZUxtVjlJLUNISHlHQjExdGRDMGNQSV9pMTNlRVBSY3FTX3VTQzJnM2xfbWJjM0tITG5Hc2JHOFlhRGtnVmY0dzRlVU5QV01YVDJSbERuRUlrckRyWGg0RXE5QlpzdGwyZVU4bmR0alZ1UFZja2RCNmxuWGlPVjlONWFScjFpNkgweUJTUmVqTUxPdzM5Q09ZV1lmbmJDdEluODR1V0dIYzFpY0JuNWtLRkp0RUNzNGZEdzNkMVU3Y0hldEU?oc=5&hl=en-US&gl=US&ceid=US:en,urrá anuncia la reducción de precios en la energía luego de choque con el presidente petro,0.96925436887197,1,Negativa
componente restricciones precio energía Colombia,"En enero, la generación de energía pesó cerca de 56% del Costo unitario kWh en el Caribe",LaRepublica.co,"Mon, 16 Feb 2026 08:00:00 GMT",https://news.google.com/rss/articles/CBMiygFBVV95cUxNeWFZZEdKQzR1OVlLVXZ3WkltcUU4eWxaM2NrQ3NQd21CZ182N1ZCeGowbDA3cHRwcl91Si02bVZMX083MGxKdmFVNUZLYkpSRjFHWjJfM2hmbWFNNWpxWHhObURHUm1uejFuQ0ZnWnVxRHh6M2g5eXQ4NzdlS2VBTWlYM09YUUtPS2tmdzNQQmMzWnhnOENoSHFSdnpOeWxFMkFPSF9EUjlRTm5fa1ppNHd4azRDUkd1bDN6RzZpQjFjaWs3cjltU2FB0gHKAUFVX3lxTE5SeFZ5djJsN0lMWnhmSkZyQVBiTkFGX18xU1h2NzhTeTNvVkdtT0ptbjJETENSMXFva3FyWFkxeGI4clc5cG1BMFQwdVFzZHFaMFBYRWJTQ2pZT29oeloxS3ExSXZxeEJlbGhXcjdkOUtzY251dkNjWEhGc1RFUVh3VzdfZGlva2tDWEN4VFFrdHJ4cEhMUHYtYUtaQnBfUlhRVUdQRm13TzdwZlFMOFl6UGhud2FXS0VhSmRQNjFDQ0RJX2FBeTJFZlE?oc=5&hl=en-US&gl=US&ceid=US:en,"en enero, la generación de energía pesó cerca de 56% del costo unitario kwh en el caribe",0.9735940768327644,1,Negativa
cargo por confiabilidad impacto tarifa energía Colombia,Pulso por las tarifas de energía: ¿las lluvias y medidas del Gobierno Petro lograrán bajar los precios? Esto dicen las empresas,ELTIEMPO.com,"Wed, 18 Feb 2026 08:00:00 GMT",https://news.google.com/rss/articles/CBMihgJBVV95cUxNd01NOHQ4WmtybHpiNFZsSkJPWVNtTElWUUZQdGRmOXAtN0l1V0FqeE45TGZhbzJGallmeWhTcTdYSEhiOWIzM0hGT1ZuOVRqS3NCaWh5WHRSVHJSYS1jT2lVQ1NWQ1pqZm9IVGF4WUxNZ0hsYk42UExlTnY3ekV0SHJrU09GYk5QSnp4V1dzYU1HZnhVaVQwam5BUTlRRnVJakxVdzM2MWgwdVJubDI3LVJmZjZmZXQtbWR1ZEhZYkV4MkRYQ3E1eXljVVBNV3hwQjZpa2EzQXZ1cFA2THRoYnBIdVZxbHhnSDVHQWJhMzE3SDBMZ2wxdWZtYVFIZGlMWmo1TWJ30gGLAkFVX3lxTE1RV0tFTEp2V2VkSk1QMmRvdGJRajJSZlhOZXFOOFAzUjJTRk1IMFM3RXViUS1mTlhLU0Y0V09fX3EtS2tIR3ExcVVSNDMyVzdpRnRRdWNaZEVTS0JIRDBMNTZUYXh0VWtUS0JNNmljZzNzS1NUU0hxaWNycktPOHZndXhVcDRMMm0yNE96eGlhbmt6NTBweXBSaUFSTFprTFEtWmVRY3dTcW5ncWxWdjRSQ0J5Qnl0M19KRTZldC1FbVFEUEJFd2JPcEExNFBOQTE4MlNKRTlGd0xyYlZBekx5TkFodFUtRzVDNGdUVS1GNW56b2pWVGU3UkxpWkF2S3RBc1cxb2xDWUZ2NA?oc=5&hl=en-US&gl=US&ceid=US:en,pulso por las tarifas de energía: ¿las lluvias y medidas del gobierno petro lograrán bajar los precios? esto dicen las empresas,0.0035942794861231167,0,Positiva
cargo por confiabilidad impacto tarifa energía Colombia,‘Hay un hueco más o menos del 6% frente a las condiciones de demanda actuales’: Andeg sobre déficit de energía,Portafolio.co,"Thu, 26 Feb 2026 08:00:00 GMT",https://news.google.com/rss/articles/CBMi4AFBVV95cUxONjZlczVLSy1yOEp1WTg0YTNRc1YzbkwtT0lvUi10elh2SDNINVJzRjRpaVVrcU1MXzYwSDNsY1hqd0dDcXRjVHZidV84OWlya09KNWRFejBCMWZOMmV5Wm1ZcEJZdzg2X1pXWDBuNEx1ZDNVNXZpUDJIYU1oVlZ4cUJCWTZtUy1ka3NlMHF4dGpyR3d5TDJ5V0d2ejhrN1UwQXctRmFfaXFDazZyV1NkckVPM0FhVkJYS0k1VDdrVXdXbU1COTFwMXUtQWxOeWpLVWhnSFhWMGpaRW1PZmM3etIB5gFBVV95cUxOX2IxS0FVd2NUMERXNGp5WnJod1I2Ml9MajR0YTNzNW4xdG5Nb1BuQ29Nd2ZuRndyeURDQ01iX1F6OWxGOFEyZFg3cTB1WHRONU1sTC1XNlZZMDVsVGUtV2NVcHFVZWhOdlg2a1J5MEdtdC1lRDkxYndIMTRxYkV5S2ZTSnNGZkpVYVdoWEVVcVIwd3NMWTlJVG1WTWNIY1doNnIzczhUNFd1c0VRelVyRFBVSWtaMU8yZndkTWlBNXRLM2tTbi1RWkItME5zWG9Qc0JNUWtjQmhOVks4NTlXNlI5TW16dw?oc=5&hl=en-US&gl=US&ceid=US:en,‘hay un hueco más o menos del 6% frente a las condiciones de demanda actuales’: andeg sobre déficit de energía,0.9735940768327644,1,Negativa
cargo por confiabilidad impacto tarifa energía Colombia,Vendría golpe con recibo de la luz en Colombia: situación impensada afectaría bastante,Pulzo,"Tue, 17 Feb 2026 08:00:00 GMT",https://news.google.com/rss/articles/CBMiogFBVV95cUxOcTIycHJaQU5CdEtVMGMwa2dKWW85eGw1dHpwZHJ1ZmlEQmlmc3REMGNPd21KclRicWtDOWxxOFJMX1RkNWdXdHlKNzc0ai1kYklQN1RfN3hEc1owQ1lXUGcyOGVXYlZySzRDcWUyUUFkTHBraGVJQW1nOXlhNzU1RXFNcm9MTzlQLUQ1WkY2QTRLSm81eE5aV2ctbU5wOTZoNWfSAacBQVVfeXFMT05WbHo3di1YQW1peFM5dE9KQVNsME8xazhoR3oxV3phOUNnT05VUC1QNnNsdlV4NXdaSVp2UFdOb2ktZGJMdWRvM2t1YnVEdjBmNEp4VXFhU3hpOWVLdzB2MmZEZFBDLXFKb2xGVUxySUJKcm9ZWTBFTnJYdVlPa2Fyb1c3UHZuTDBFZUFXN25TcTAxQUQxOUY4Y1ZXYVlXYnYxSWJTd1U?oc=5&hl=en-US&gl=US&ceid=US:en,vendría golpe con recibo de la luz en colombia: situación impensada afectaría bastante,0.9735940768327644,1,Negativa
cargo por confiabilidad impacto tarifa energía Colombia,Colombia superará los 4.000 MW en renovables en 2026 y podría ahorrar hasta $7 billones en tarifas,Forbes Colombia,"Wed, 11 Feb 2026 08:00:00 GMT",https://news.google.com/rss/articles/CBMi4AFBVV95cUxNcTY1ZW9jMHhxYnpubGhOeWxMMTlDblFhcDBoekF1bzN0Q0tvR090b05wUjVoSEItVElKTUZNblIwck1ZeXRSc0FlQm5fZFV3cEN3V0xkRjE4ZGVkRU55RXZ2SFg2TUVwRzlhc2ZZWmdQY2dQS08zR2hicDR5YU9rLVJrNTJQQ29HWjVjRDZzM1FaWUxmV2MtMThXX0xRS2ljQkprM3NIX0NIUWNmYlk0dkZxSmJGc1BqV3A0aWd4MEhXQ3pHNFZqcVA0dWQ2ampOc3JrMFcwQWE0WURYblVvWA?oc=5&hl=en-US&gl=US&ceid=US:en,colombia superará los 4.000 mw en renovables en 2026 y podría ahorrar hasta $7 billones en tarifas,0.051011674118722206,0,Positiva
volatilidad precio energía mercado mayorista Colombia,Gobierno nacional llama a generadores a bajar precios de la energía y proteger a los usuarios ante altos niveles de embalses,Ministerio de Minas y Energía,"Tue, 10 Feb 2026 08:00:00 GMT",https://news.google.com/rss/articles/CBMilwJBVV95cUxPZUI1X0JwM0ROTWlnMUg1MzNOQjl2UV9ObEl3Mks3SFZ6VmJXZ0lWR3hZamVEUFAwdVJYSmMxY3BZZVFyOGg2TkN2VV9LcXJnLUxMZU0wMGdFUXhnbElzY0JISmpIODJBWWxyU3RGQTRTRVAtajF0REp1MTVmbExxWE5vd2FPNkJlc1pNOTRFVHZXb1ljR3kxMGlkbFkyZXBfT1ZDdGxrTDlhOUw3djRZbGtnWWxYVU1Gb2Y0V2pvX0RPVEwxd2pYYWplUlVpdmNwLWY3VzJJYzRJWUM1QUkzbEY1Xy16TGxVN3pmSmNNVWpmUUN3eDI1cVp2cDdMN2NfR1BIUENIMURMNFNPYUgyX2w4X3BrV3c?oc=5&hl=en-US&gl=US&ceid=US:en,gobierno nacional llama a generadores a bajar precios de la energía y proteger a los usuarios ante altos niveles de embalses,0.06415123655382292,0,Positiva
volatilidad precio energía mercado mayorista Colombia,Gobierno Petro pide bajar precios de la energía por altos niveles de embalses en Colombia | El Colombiano,El Colombiano,"Tue, 10 Feb 2026 08:00:00 GMT",https://news.google.com/rss/articles/CBMirwFBVV95cUxPc24yb1dNYTVOMVFjV3dKOVF4N0Q5TmI3Zm5FSE9pSVBoellpVlZpN29ITjA1dW1pdmJaa3BLT3BYblRBNU5DUmcyWGs1amRUT3N2em8zTnNtdE9uQWJ1YkVCVDRnN3RHMWpLMWhEaldMUmpiaG9KRlFaNDJ1ckhGX0VyZDBXMVluR2w3UXZ4VWFmUHJxQVpmSWpOX2Q4LXdFVVRGSjI0RTlfaHhkek9Z0gG0AUFVX3lxTE9PdUtPRkZmUU40T3NwNlQ5cnpxc0lzTVFpN2Voa3B0YXhUeUw1anFlT0JaOFVXdUdKMXE2dGlKN2JkMnFJcldqelVVemdFYlFBNU1vb09mSHJFTTFsMFkzd1l5UkNYRElxSFhDSUhvb3lDZTJsSmx4SDZDdGxUSGdndEg5emczRjZFZnhuOHNHWG1uQ2ZaNWRXYjRSbTlwWGpzS0xyWDJsWC1JTXJrQ2RuT05VWA?oc=5&hl=en-US&gl=US&ceid=US:en,gobierno petro pide bajar precios de la energía por altos niveles de embalses en colombia | el colombiano,0.0015060651249493694,0,Positiva
volatilidad precio energía mercado mayorista Colombia,Colombia ordena recortes en los precios de la energía,BNamericas,"Tue, 10 Feb 2026 08:00:00 GMT",https://news.google.com/rss/articles/CBMilwFBVV95cUxOUnVvX1dVUGFGUkdqZ1VMdGVqWm14cEVyMkxkWU1ZWTZSdFBjcVNjTjN6XzRjbGJlNGZWSHlpelBIWWk2VDNsNDZpcmVUNTBTYnJPcXF2YWs2TWNGTDRFN19DYkl2N0hjZklrZVpFVHVHRWJHWmItc0gtdWNXRU13UW9rRlE4Y2hLUDJBQ0ZJeWduVTQxSVRR?oc=5&hl=en-US&gl=US&ceid=US:en,colombia ordena recortes en los precios de la energía,0.96925436887197,1,Negativa
volatilidad precio energía mercado mayorista Colombia,"Por alto nivel de embalses, Gobierno pide bajar precios de energía",lanacion.com.co,"Wed, 11 Feb 2026 08:00:00 GMT",https://news.google.com/rss/articles/CBMimgFBVV95cUxPenpIRTUxVW5xdFlLanRobnA1eUZoaEctQXNKZGd0N1hhakEwa0VMQ3NRa2REYVpPLUdycTBFMDVJNmYzV0NMYW9JZEdNSUx6T2hNNzBzRS1MRTBuNkRIMHJDNy1WWGpUcTRGYlRPYWs4c1U1Z0pnc09iX2w1OFRtTTJaV1JvWnRFNEctV180YVd3NnlSd3RrQkV3?oc=5&hl=en-US&gl=US&ceid=US:en,"por alto nivel de embalses, gobierno pide bajar precios de energía",0.06415123655382292,0,Positiva
volatilidad precio energía mercado mayorista Colombia,MinEnergía pide a hidroeléctricas bajar precios de la energía por lluvias e inundaciones y altos niveles de embalses,La FM,"Tue, 10 Feb 2026 08:00:00 GMT",https://news.google.com/rss/articles/CBMi2wFBVV95cUxOOUMxZ29NbEttNHdJbFZUMmpKZEV6NDcyT2xsTk95RklKUXZvNGR3dldaV0FnWE0tMXd3SlBCRnBia05TSkwtT0taX1R3UTZscnF1WFZJLUpyVXViWGo3NVBzaFRtWlBsa0pRYVFVX1ZrUUI3NXpaXzFqbVlKMEkyY3NUSmNFX3prUmcxZEkyMG5GdDVHNjBfS2p3bmtzWTA0OWZZbmJDNnp4X0FpSHFTYTNJN2FjYVk3eEJiLXJFdHh2bnlDZ05VUGZOOWhmaFlWLTR5VU9LejdtdDjSAdsBQVVfeXFMT0NkdFYxc3dYV0xISFlwVjhZNzNGSHl2TjdkNzBEYm5Na2ZsU0d1MklXcmg4LUtpZ0ZaSXlrX2JDN1E2NmVQdDgzcTM3TFB3bHVqeVdIb0M5U252Q1gtei1zb05UcVZ5NVo4OUdFN2xrQjRPdHZxNkNFbTd3MTNaMk1pODExVGlHbGhHVFRVbkVwdEY4eDlWNGV5RmdncmF4YlU1Ml9SelhfaF9JR1JzTEFHV1RURkgwalF3b3VHYTdRdnJ5emY2Vmk0TlBMMUU0RWVHWUoyZ2tjNGZB?oc=5&hl=en-US&gl=US&ceid=US:en,minenergía pide a hidroeléctricas bajar precios de la energía por lluvias e inundaciones y altos niveles de embalses,0.00011374338617528404,0,Positiva
volatilidad precio energía mercado mayorista Colombia,Nueva medida del Gobierno Petro haría que el precio de la factura de energía baje en plena temporada de lluvias,Infobae,"Tue, 10 Feb 2026 08:00:00 GMT",https://news.google.com/rss/articles/CBMi7AFBVV95cUxPanhyclVRdGlaQldhc19QbzBoQlYyOWd4VVF3eTQyZURwdDVhTWQ4RVJ4LXNLaFk4NVNUVmNiZkVfUngwNVhHeWFNbmdoOVZMaE1KNlYyc3FTMzN3dy1UWTFwQURGLXZLQjRVSTljelhRZnNJSzNBenE0ZkppRHJhMXJXS3V4Z3MyZjhWNjNmRjRyOHBCQTZBY0J3cHlvNTBwT21HdW1jVE4tWmZqWlFXMm82ZGRTOTBkS2ZrMXdTYnFZTmE2cDNvUTJsTnBKemFUNzdwakg1cWVFSkRZYmtnaEtWcnJOa3A4UDZFWtIBhwJBVV95cUxNSVlZUjAyQ3dZay02c05yX0JIOVZGYjlkWEd5M3F4RWxjSEM3N0tPT19yd1p2cFh3b1FRdTdndzBJSzZRTURHRGh4QjB0OEJnS1RxU3R2SDRnN2t6SFJDVVRkS0E4ZGZNN0pMQ1pSdjczYjN0TFA2cFk2eG0xZ09PZDVaLWFjclhfOUs1YjBBZk11QjQ4ZTJ1NjhPVmNoemNIUlZPNXpqSEFaZmFiOVBuRS1ObVhHV2FHdDRHaE1YdjNPQnE0NW15Q0lOcVpiUF9IWDlBM3hEMkdqRHg4Rm5IUU42VjdadDhBbVlQVlJqdlpDYTF0RTFZTjdkY2FsMHh5eXpGaU5xTQ?oc=5&hl=en-US&gl=US&ceid=US:en,nueva medida del gobierno petro haría que el precio de la factura de energía baje en plena temporada de lluvias,0.40155527524519846,0,Positiva
volatilidad precio energía mercado mayorista Colombia,Gobierno presiona por tarifas más bajas en la energía: llamado directo a generadoras hídricas,:.Periodicovirtual.com.:,"Wed, 11 Feb 2026 08:00:00 GMT",https://news.google.com/rss/articles/CBMivwFBVV95cUxNTkN1NzRSMHBPMmRmd0todHNPYUV6QXFPSVQyY19ISVo5cTl0VkJZR3VSMFZ0MmpkbXNYaWZFc1FkcG9IckVTOF9iMlRlaDZPTDZvVEM1QS1xd3ZjYnR3M2psSzFOZVlQZTRJdXE0X015UWd0QmwtcTBoNUtPbEoweDFnTnk4bVA3V1YtYS1VQjlsWlFZZm04ckctUWRVM2hoQXo1c2U5MGZsMDJfTUZGZjJjdXdJc09xQWpDb1BYZw?oc=5&hl=en-US&gl=US&ceid=US:en,gobierno presiona por tarifas más bajas en la energía: llamado directo a generadoras hídricas,0.9706627052377652,1,Negativa
resolución CREG mercado mayorista energía,Creg expidió resoluciones con reglas para generadoras que comparten activos de conexión,LaRepublica.co,"Sat, 28 Feb 2026 22:24:34 GMT",https://news.google.com/rss/articles/CBMiywFBVV95cUxQN1Qwa3MtUmtZVTJ4ekNRS2hXZUFYbGFXZzZrd1FyRUJkQS1BMENaMXpHbFZ5Z0VfZHB1bjdrUHBFeHhuWTFpQS12T1hNRFpZVjlXSDR6SmFwV1lCNy1najZ3NmsxSFdoVGVWLTdZLUxQQkRnTkRiZkdjQjJ2Y1lsSFUwZXkwMnNXM2xFZ2V3dFBKZy0wN1EyVE1naGVCUVVXQ0YxelZsck9pQjYyRFRKZmxiTURaSVdKa1IwUi02cXZMa0tDcUdzRHJUc9IBywFBVV95cUxQdVpHaHdHWXZTdU9rYTM1ckU5bkNHbEZTOF9SQmJDNUFySWJJSWkwZkw4cFB5WlJtZWtkM1NVRkpVdndHbkphekYxdmJnZXJBNmc1NUVVUDBoOUJwN3RyNzd4UE9xX2dyZU1tNE5zbVJ5ZWt6bnRsUHFBSTJuMGNyN1JoSDV4REpzclNIWDNPN3paVktWYllHXzlwa0VjSmVTeVlsTGI5andDTzRjR055NkxfWXI2cWJLZHZEQm1iQkQtX2VlWGhsejZ2NA?oc=5&hl=en-US&gl=US&ceid=US:en,creg expidió resoluciones con reglas para generadoras que comparten activos de conexión,0.9735940768327644,1,Negativa
resolución CREG mercado mayorista energía,Colombia tendrá mecanismo para estabilizar tarifas en el primer trimestre: director de la CREG,Valora Analitik,"Mon, 23 Feb 2026 20:17:53 GMT",https://news.google.com/rss/articles/CBMiwwFBVV95cUxQUWpYNkVBSVRIZ0pNeFBTcUFjeWpNTllzNGI1QTkzQ0hWQmNnV1JtWTJ6RmFyaGxURV83YzR6SE9fSWxKdnRBQlR5bnFUSXB5QWpBR0JJcHVzT0xIczJOb1FyMl9BbHRNRWNJUXkxTkNrUWRQb05ob0lQRjdSbm0tVElfRUtEeFBGdkpxLVJFc1FsN3BNUDdubFZoNUtkVXUyS3lVbzFtU3pjSUJfTU93TmhvanZjOFY5eHZGcGEyQ2F5b1XSAcgBQVVfeXFMTkkzY3p3V2lYVURKNUxfTm9GME9MVGt6U0Q3b2ozeVAtdzhNNGs0OFJ4UXEzSDhYS3FhWFE2OHZsWThNRzNibVczYUVXZDZ4SlltcWFDQkRDTy1mUW91V2dGUzNnRERMUlVLYV9UQmtMTTg0a3pDTGxnSkEwdGZWckdRYngwbGtXMEFqbGJOTU11RjBvdFJRLWt0M0JfS1hQQmRjOUNxVGpuSURhb3FSeWlXX00zSTlxa25ab2xUN3phMWtYMWJPVlg?oc=5&hl=en-US&gl=US&ceid=US:en,colombia tendrá mecanismo para estabilizar tarifas en el primer trimestre: director de la creg,0.9716133745087822,1,Negativa
resolución CREG mercado mayorista energía,"Colombia incorporó 333,87 MW fotovoltaicos en 2025",pv magazine Latin America,"Thu, 05 Feb 2026 17:16:43 GMT",https://news.google.com/rss/articles/CBMimwFBVV95cUxPaHhSSVpSdUdVNEZFM24zNkIzOXoyNWJKQk5NTHpVLWhxSWowczVXNkZjTWZYamktYmUzYVB6NVRrcW5uallDN3JCZXFMOUxsSGpxSXhxY2dNMFFlcGRQeWkwUm9WRWExcjdFRmM4RDBPUzdPbVVtR2N4MS10aUEwMUMxa21kTTc3SFhhZGxNMDc0STFEMG1uVE9SZw?oc=5&hl=en-US&gl=US&ceid=US:en,"colombia incorporó 333,87 mw fotovoltaicos en 2025",0.9735940768327644,1,Negativa
resolución CREG mercado mayorista energía,Capacidad de sistema eléctrico en Colombia superó 21.000 megavatios a cierre de 2025,Eluniversal.com.co,"Wed, 04 Feb 2026 08:00:00 GMT",https://news.google.com/rss/articles/CBMi0AFBVV95cUxNZkJsZnZXZnZjTTRqY1hTRkRZMHkyYkJqZGVvQnp2bnU3RU9EMkJpN3RMN3NISTBHM3BTUVBBN2xaQTQ4TjVRc3p4OFZnWFNJZ3BlMEVJU1FuWENNeVpYQkRTM3J4RHBnTmRKV0ttOUpaNDY0VnctRTcxUGtxM29FakpHbGxtVTZvOHdYRk5URGVmZVJ0S1EwVWN4Z1otdERCMnlWR28xSlFsUXY0ZFRpcmF1cm1mYlh3Uk5JeUJLcnJrM3Y5Vkhuc2Q4NjFnaTM2?oc=5&hl=en-US&gl=US&ceid=US:en,capacidad de sistema eléctrico en colombia superó 21.000 megavatios a cierre de 2025,0.9735940768327644,1,Negativa
resolución CREG mercado mayorista energía,Colombia establece marco regulatorio para autogeneración remota y productores marginales remotos en el SIN,pv magazine Latin America,"Mon, 02 Mar 2026 19:48:39 GMT",https://news.google.com/rss/articles/CBMi5wFBVV95cUxNeTVYNHllZHJNREFHbnpJLXBtVDdZVnYxTFVmR214RExnU1FkbGpnT2JMOV9oMFhXSTREaU9RUVdsMmVBeXAtZTRuOHg3OW1wd2I1OVdTWW9MNlIxWGVPSV8wTU1NNW1EeXdLa044S1dTRktrdkdXWHN5b2FvcUhER01FdWxEdEpaY19nZy1nalNTVmthTmczcXAtZV9KdkM1REpxUW13NmU4RHhla3UySi1uamJTS3owenJFYzNYQmtPSE85WG9WemQ4YnFfMzRKb1RuSlBxT1k2SjR3dzZTaDdsZl9VYlk?oc=5&hl=en-US&gl=US&ceid=US:en,colombia establece marco regulatorio para autogeneración remota y productores marginales remotos en el sin,0.9735940768327644,1,Negativa
resolución CREG mercado mayorista energía,Colombia reglamenta la autogeneración remota y redefine la conexión de grandes usuarios,Energía Estratégica,"Fri, 06 Mar 2026 12:29:29 GMT",https://news.google.com/rss/articles/CBMiwAFBVV95cUxNd0hEbEZ5MEhUcXByZUxCQXBHS0FRV3ZDSVZwQ28xM21kQTl5SzQ5WFBTZjUxUmEySmFpaHRsVlppT3pOZVlOeFBWTUxpR1VYeUE0T2JzRXc0QTZEODkxNVg0a290UWluOFlrQkZLZ2w4S3djSG1pMTJYNDdaWktLc0U1VnpLS1ZzVVVnV19FOU53RHFrbG80dmM3ZUpGRnppUXNHcUdseTB4VWNUdDNXcTEzeEdCeWgxeWc5aW1haTk?oc=5&hl=en-US&gl=US&ceid=US:en,colombia reglamenta la autogeneración remota y redefine la conexión de grandes usuarios,0.9735940768327644,1,Negativa
resolución CREG mercado mayorista energía,En Colombia los autogeneradores ya puede acceder al Cargo por Confiabilidad,Review Energy,"Mon, 02 Mar 2026 11:54:00 GMT",https://news.google.com/rss/articles/CBMiswFBVV95cUxNRWxLRXhUaUZ3Nm1SLThCRzJodjRfQzJCX2ZWcWp1QVc3XzN4elhuNWpJMFlhUE4zdnlGRWxjRFNRRG9hVkpEVmxYYS1ya1J1b2VTZ3hLMlc3ektHT3NZelBpUlZsTVJPY1VDTlY3U2dTUGxyQ3RPajBFNmR5NTZwNzMwdVpWczAtSVlWSHFhVDlGM2ttbVhFZzh4OGpFZkZHTGR4OXllN3p0cVoxQ1dLN1BkRQ?oc=5&hl=en-US&gl=US&ceid=US:en,en colombia los autogeneradores ya puede acceder al cargo por confiabilidad,0.9735940768327644,1,Negativa
modificación cargo por confiabilidad CREG,Pulso por las tarifas de energía: ¿las lluvias y medidas del Gobierno Petro lograrán bajar los precios? Esto dicen las empresas,ELTIEMPO.com,"Wed, 18 Feb 2026 08:00:00 GMT",https://news.google.com/rss/articles/CBMihgJBVV95cUxNd01NOHQ4WmtybHpiNFZsSkJPWVNtTElWUUZQdGRmOXAtN0l1V0FqeE45TGZhbzJGallmeWhTcTdYSEhiOWIzM0hGT1ZuOVRqS3NCaWh5WHRSVHJSYS1jT2lVQ1NWQ1pqZm9IVGF4WUxNZ0hsYk42UExlTnY3ekV0SHJrU09GYk5QSnp4V1dzYU1HZnhVaVQwam5BUTlRRnVJakxVdzM2MWgwdVJubDI3LVJmZjZmZXQtbWR1ZEhZYkV4MkRYQ3E1eXljVVBNV3hwQjZpa2EzQXZ1cFA2THRoYnBIdVZxbHhnSDVHQWJhMzE3SDBMZ2wxdWZtYVFIZGlMWmo1TWJ30gGLAkFVX3lxTE1RV0tFTEp2V2VkSk1QMmRvdGJRajJSZlhOZXFOOFAzUjJTRk1IMFM3RXViUS1mTlhLU0Y0V09fX3EtS2tIR3ExcVVSNDMyVzdpRnRRdWNaZEVTS0JIRDBMNTZUYXh0VWtUS0JNNmljZzNzS1NUU0hxaWNycktPOHZndXhVcDRMMm0yNE96eGlhbmt6NTBweXBSaUFSTFprTFEtWmVRY3dTcW5ncWxWdjRSQ0J5Qnl0M19KRTZldC1FbVFEUEJFd2JPcEExNFBOQTE4MlNKRTlGd0xyYlZBekx5TkFodFUtRzVDNGdUVS1GNW56b2pWVGU3UkxpWkF2S3RBc1cxb2xDWUZ2NA?oc=5&hl=en-US&gl=US&ceid=US:en,pulso por las tarifas de energía: ¿las lluvias y medidas del gobierno petro lograrán bajar los precios? esto dicen las empresas,0.0035942794861231167,0,Positiva
modificación cargo por confiabilidad CREG,"Sacudón en tarifas de energía en Colombia: ""nuevas reglas"" en precios para millones de usuarios",Pulzo,"Tue, 10 Feb 2026 08:00:00 GMT",https://news.google.com/rss/articles/CBMiogFBVV95cUxOUjBQOENzTVJjMllxal8waXpkQUxWajJKQmQ2T0VIRWN6RlBYV29qaEx2YzlzQjNJYW1LajM0VEpzNm85TU9FQmpPWE51QThka2tral9nandSbE1vb2cxR2M5ZW5xZFZXTjV4Qjd4V2pVbmQ1ZGJ0UlNjdjdzZkFKRXNVYzdpUjF2Tm9wTWpOcWV2TnpWeWhucG41eDdnOHU3SmfSAacBQVVfeXFMUDV1ZG1oQUV1WW0xeTVIdUJfWFJFT2dsQUFxWlF3V3hNeHZyUHNUYkc0Zk1RUDVNRF9jRUs1bzNDcUYxd1JnZTh5clMxVWpMQi10bkJDRGo3bDl4czRhdjd2Tk1FdnR5bGlJd1JHMHYxeWgyRy1YSm5feGQwTWRNTk53b2xoNm44TlV4ZXUxOUw3ZGN2ZklvUnlNWm0tdXZ5Z01WcU1ZeFk?oc=5&hl=en-US&gl=US&ceid=US:en,"sacudón en tarifas de energía en colombia: ""nuevas reglas"" en precios para millones de usuarios",0.9669591932065665,1,Negativa
modificación cargo por confiabilidad CREG,"Atención: Tras señalamientos del presidente Petro y cambio de cabeza, Hidroeléctrica de Urrá accede a bajar precios de energía; ¿vienen más casos?",ELTIEMPO.com,"Thu, 12 Feb 2026 08:00:00 GMT",https://news.google.com/rss/articles/CBMioAJBVV95cUxOdnpTUXVnalFoRzJ2Z3NwaXNxdk5VRjhHdWdCQUoxVGkyeXI2Q1BEVjZ2cV93YVp2ZS1Jc2hYZlhIaEJraXN5ZUFkenMtRGVSa0xXcGt0d1hGalExTExBa0tldGV0SmxfNE9hSFNiSUFkaFlBUF9OTUZYSmF1RFhPTEtEXy1YUE9QYmhBTHZwZmpqMjBUZHd4dXFxcnlzNnh5bWYxdjZYdm50bzZTR3hoT0dPelNQdW1JdTBDeXhSNm40NlQtclFBTG5HLVRscFU4WEg4TzJKUW9ZRkZfOVU0U1ZrckdBMzNkUEUxck9jSVdRaTdCclZ1bUxGd0JLUkhlR0I5amFHNllmYUFxOFFMMDFsRnlpSUZMSDlCaXVROTQ?oc=5&hl=en-US&gl=US&ceid=US:en,"atención: tras señalamientos del presidente petro y cambio de cabeza, hidroeléctrica de urrá accede a bajar precios de energía; ¿vienen más casos?",0.11604337703416497,0,Positiva
subastas cargo por confiabilidad Colombia,El regreso de las subastas renovables a Colombia: ¿podrá esta vez llegar la energía a operación?,Energía Estratégica,"Thu, 05 Feb 2026 08:00:00 GMT",https://news.google.com/rss/articles/CBMiyAFBVV95cUxNQmRQZUcwbjFBdEV6dVdnZTRoQmczOTRjbnFjR01NU0hPUExPTjN2S3NzWmI4Z1EtcDFqNUZRX3FhQkdhNG96SVZ4blpibnZzcTM4aHJ3VVJIMkVrRjY0YUhOZGF6T0NYTEllalZLRXExMXRrY0U1Nk1LbHQ1U3Y4X2pVTlJWY0dHQ3lMQkZyb3U1b3pjRDVfZU80XzVMcThtWURJZkJMd1NmZmc5UzJQWnE3QTFNLTkyeU1JNkhTNGM5U2VrVGptbA?oc=5&hl=en-US&gl=US&ceid=US:en,el regreso de las subastas renovables a colombia: ¿podrá esta vez llegar la energía a operación?,0.054734286808783034,0,Positiva
subastas cargo por confiabilidad Colombia,"Colombia superará los 4.000 MW en energías renovables en 2026, pero sigue pendiente una regulación clave para el sector",ELTIEMPO.com,"Tue, 10 Feb 2026 08:00:00 GMT",https://news.google.com/rss/articles/CBMi_gFBVV95cUxQdnNvWV9JNWg4M1RWVEE3ZFM4NEEybXZxUldIbm9wamw2UFpEVDdhd1FubnhQdVdfQWcwSTJvQUJzREx3NUFNblFvdnd2WHZvTGFJa0hDcGlrRmtuRHRlNFNXWHM4UlljWi1PVnZkVnpmc0ZNV0hORS1Ya0JVbWthMDROWXg4T1AzaWJSUUtKNnlQdm1rWGttaGxFdUgyWnVGNWlQNWJWUUYzNEhobnBuWDk5X1hNVi11SVFKZjYyX1hmRkFmQVNTOVhOZ0FFZmFEQ1pBTnI4dEpPenJ1WVM1dExVT2UwM1VTUGNPeU5BYWtRelJHUHRvWFQ0aTZ0UdIBgwJBVV95cUxPVzlQdnpHcF9TcHhVSHVGVWJYb1kxNTE3U2hTTjVGLXZVR0t3Z2VsMktrZGRJVWU5aTFKNVVLbU01MEo3cHpVbWYwaV9HWlhURUhSZmM2QjlwdWpMaUo1NXpMR3FxX21XZ1dmaE1XeHhJbUNhdWxsZEVXVEY4aVRCM0lpQ1E0R0szcGRKV0R2S2ZlajR4MThSUjMtc2pQYy1DSFNxMzZLeXNPVmNROThVdGFidVFNTFpZZFBwSkN0eHpsZS1CMDBkbUNHY2NyT0VvYldENFI3d3hMQWxWVV9nRDVrWk54TFIyb1lZWlg4NWdVQndhUEVfLW9HanpYOTQ3dVBB?oc=5&hl=en-US&gl=US&ceid=US:en,"colombia superará los 4.000 mw en energías renovables en 2026, pero sigue pendiente una regulación clave para el sector",0.054734286808783034,0,Positiva
subastas cargo por confiabilidad Colombia,Colombia superará los 4.000 MW en renovables en 2026 y podría ahorrar hasta $7 billones en tarifas,Forbes Colombia,"Wed, 11 Feb 2026 08:00:00 GMT",https://news.google.com/rss/articles/CBMi4AFBVV95cUxNcTY1ZW9jMHhxYnpubGhOeWxMMTlDblFhcDBoekF1bzN0Q0tvR090b05wUjVoSEItVElKTUZNblIwck1ZeXRSc0FlQm5fZFV3cEN3V0xkRjE4ZGVkRU55RXZ2SFg2TUVwRzlhc2ZZWmdQY2dQS08zR2hicDR5YU9rLVJrNTJQQ29HWjVjRDZzM1FaWUxmV2MtMThXX0xRS2ljQkprM3NIX0NIUWNmYlk0dkZxSmJGc1BqV3A0aWd4MEhXQ3pHNFZqcVA0dWQ2ampOc3JrMFcwQWE0WURYblVvWA?oc=5&hl=en-US&gl=US&ceid=US:en,colombia superará los 4.000 mw en renovables en 2026 y podría ahorrar hasta $7 billones en tarifas,0.051011674118722206,0,Positiva
subastas cargo por confiabilidad Colombia,4.000 megavatios de capacidad instalada serán generados con proyectos de energía renovable en 2026: Ser Colombia,Portafolio.co,"Wed, 11 Feb 2026 08:00:00 GMT",https://news.google.com/rss/articles/CBMi5wFBVV95cUxPZ1FGMXZMTG9pd2o0cGtpYU8xX1QtNXhUZHBTM2ZUZXBYRUc3dEtseXJFc1JHcTNrR3lDblVXdWJkQ1VudGtGY1hDZzV6TFBHdWNGZVFjRVEtMDdpNEsySFlnUC14XzRzYm5IMEhNR2dZWUs2eDYzczFralFuYjBaZVU5VWdVNnV4UXU1Sk84akFIUVpIczdBcGxYVXhlNVZZSWFjLW45UHdBWTRRZjJ2YlZDNlNMZTVOSFdiWnpCendkSVNKa2QzbjJkNzRPU3pDNVRlakdFT3FwTTFGcFNtUmh1dTU2NjDSAewBQVVfeXFMUHlrcldVZXNxZ3RIZE5xdVktT2RZLW9IUjM2NjVSX013SkZrdHFvNDlxejRsYXl3bFR4WHM1Um9sdGpEbFZfSmZiemJwci1CR2FuaERZTGF4U2ZqdDVYeV9LLVlUSHI0SlNoandLZ1BZVjdlUE9sOTNaSmVQeWpTTldtVVk2NU9aRWdQdTZtOVNvd1FOZTVvZkxQOHlCcUJYd0pyaDhieDdxTmhNeFpiLTM3YmFQWG5tQkQyenQwN0lUeGltb1BZSlFhMzZvbHNfeE9MNEV2NjRvNFpMZjQtOWtxcVBLUWtrcGJvd1Q?oc=5&hl=en-US&gl=US&ceid=US:en,4.000 megavatios de capacidad instalada serán generados con proyectos de energía renovable en 2026: ser colombia,0.0724724616874859,0,Positiva
subastas cargo por confiabilidad Colombia,El país llegará a 4.200 MW de energía renovable a finales de 2026,elnorte.com.co,"Tue, 10 Feb 2026 23:14:49 GMT",https://news.google.com/rss/articles/CBMiqAFBVV95cUxQTWZHT1BkaWxqbUFYaFgzMC12ZWxXZm10SXNMSTVaQnRwRHloUFp3LTNoRWRZdGtHaEZGQ09BR2xnSG1td2dYcnBUcUE5OWxKZXg5eVFXRENicnI5MVlOeTc3Ti1rMjhpR3ZJTFNGT2h6MW1xTVhrU00xY0dvTS1kYXQ0T05oQ015a3NHWF82VGxPTXBVSUVDbkZZYVd6MTVZSE1sYS1xVk8?oc=5&hl=en-US&gl=US&ceid=US:en,el país llegará a 4.200 mw de energía renovable a finales de 2026,0.0724724616874859,0,Positiva
subastas cargo por confiabilidad Colombia,Creg pone en marcha la subasta de cargo por confiabilidad para asegurar el suministro de energía en Colombia entre 2029 y 2030,MSN,"Sat, 07 Mar 2026 19:23:45 GMT",https://news.google.com/rss/articles/CBMiqANBVV95cUxNVlNuNkN2LVJNcDB2REJWNDNncDhNSlRIVm9oUGhTck40X19aXzVZZWdadEJYblczeU1NR3M0WjJTQUo2VEU3emNmeF9EYXl1ZkJNNkNFamhoMzZQUktXcXZBWXNONndXTm8tbEJTYlJMeEpYUFpjckx2VnY0ZDJEdEFmeWVmLTJmc1h0WlltaDB6aXZ2V1prQmt2QVdZT1RuNXFKNjRhbldPQlY1REV5a2Z3S1M1WDhWeEk0OUtxVHRNQmI1d0ZDS0JaZWxEVkk3YVEwVDhXaHZjWUlObkhFWUVqTVRVMXZja3VTUzQwbXkyMkxnalpsWGVSN253cExmbVpPNU5WWE83YVJkSV84enltN29MakhfUU44bEJod0s0QU5CUjV5eGNfbFNlTTQ2LUtxdGRzSHFpQW9yUE5SOHJZSkNFbDRDY0JqWlptU1c5MzlYOFlIS19BdDVjNTB3TU9mcEdjVHlVenBTRm9xaGh3TFMxSGlpNUxLWU9lMkdXei1lWkdmSEdsZmhlZ0FYY3kzYnhwNUJKRkRsWkxDNVdrT0dYRlhO?oc=5&hl=en-US&gl=US&ceid=US:en,creg pone en marcha la subasta de cargo por confiabilidad para asegurar el suministro de energía en colombia entre 2029 y 2030,0.9735940768327644,1,Negativa
subastas cargo por confiabilidad Colombia,Estudio de KPMG eleva las alertas por las presiones para abastecer toda la demanda de energía en el país,Portafolio.co,"Sun, 01 Mar 2026 16:00:00 GMT",https://news.google.com/rss/articles/CBMi3gFBVV95cUxPYkYtNHJ3eUVzM0FBUE1DZ3p2b1hqd0JnYzFxcjlSOG5ZcTRGbGpTR3QwbmNMOVBNMDRFejRFZkZzQzRRbmJRRnBzUDVUVG5qMGVqbmNpSmtySVdpVUVMT0U1ZU81cW1CbEJMTXRkZnVmdlZoQWI5MzU4bFpvd0RrbHJMMERzcUNEbXpybjJuUUxKVk1ueDZSR2ctRjJwU3V2UUdwc3ZnamluY3QwZWJsbDBvTmpnQVJiYTZSb3pjQ0pVbzQ5cGtiYVBHZnREM3EzZnh4QVc5YXdFT1g2elHSAeMBQVVfeXFMTmlqenFvTmQ3S1pManVzR2JaUVJIOGJEUWdCakNsYkFFdUd0Y1ZYTGRwQkRpNENQZXhxdXI2VV9wMWpBdW5SdGM5VDBSNEhNZlBESGxaWDNjamZ6VElBdEpuR1ZHYkZiN2ptc2dpU2FJV19rdHlPSVFvNzF0eFVPc1BfbmttcVFOY2FSdDFwaGhDT09abUtKejFUUnVzRjc0U0F2NWV0ZnlyYUt1T1R0OG12dldOWVY4MTdmemdJZVRzZHJNZlE3Y0NrRFNGdVFSWXVTRFJtVlFfek1tMGRrdUtSVVU?oc=5&hl=en-US&gl=US&ceid=US:en,estudio de kpmg eleva las alertas por las presiones para abastecer toda la demanda de energía en el país,0.9735940768327644,1,Negativa
subastas cargo por confiabilidad Colombia,Finaliza el plazo para comentarios del proyecto que asignará capacidad de transporte a iniciativas de generación,Portafolio.co,"Fri, 06 Mar 2026 13:50:28 GMT",https://news.google.com/rss/articles/CBMi6AFBVV95cUxQY2lCeU4tb0p1dDZvRkV2aVQ2X3EwSlZSYmZWYkc4bVBWbmVMWUFlY3dMRWNCRTNWZkVIMGRmNjVIcnU2ZEZ2OHM5M0pCMUM3XzJCeEZtMUFqM2xFYzQzTHhhbHdpb2tldFI5Zzd0ZFZrY2czQVh4SXZLVUpDR2lkWGxpNF9NSDBOVGNOQ21SZWMweWV1Q2tOTDFSdFZLaUZ2S05IcjBoQlpZTG1TMGpTNlNxVVUzeEg1aExDaWk0eXdWMXdCcHNiQm9TeEVhVDJsMC1CSHlDV3oySm1tZnRjM1loQXRUbU1R0gHuAUFVX3lxTE1oMzVBYTJXbEZGQzlOcUk3Tm1weTRQSzJySzkzLUl5U1FsX1lyTnZYN282Qy1uMUlULTQtYThCYUhxX3NDNndYa1F1VkpxNUx3Tk1WWWNaWjdYRE81WDZiSTdudjFMWVNHMzBfQWFNSTZtSGt2cmpCbndlLXA2TGxReXNiRmlhaVhzVHd5NnhNcWNhVF9XMWtpYWNUNklCM0FXdUJya2FEZ0U3bUloZDZZSXVCSlg5Y05IQ2otdWV0Rkk5WG5kMkZhV2hwdDltbTZ2dnJYbFk4MVBpRFFzemZHVlJXQ1NNeXB0eUdNUkE?oc=5&hl=en-US&gl=US&ceid=US:en,finaliza el plazo para comentarios del proyecto que asignará capacidad de transporte a iniciativas de generación,0.9735940768327644,1,Negativa
subastas cargo por confiabilidad Colombia,Fitch Ratings advierte que los cambios propuestos por el Gobierno Petro al cargo por confiabilidad aumentan el riesgo de un racionamiento de energía,MSN,"Sat, 07 Mar 2026 04:59:01 GMT",https://news.google.com/rss/articles/CBMixgNBVV95cUxNOFRTN1dBaDVvMGJjSFE4U3FNVnRDS19hbXl0a1pLdV8yRW00amQ5X3FBRXloS0d3ZTl4TXgzTC1Yb2NoaUtNam9KRFI5THhkM2FfVHZDd2pyX3lqU0ZGdmVzYmlHUFk4bmJjTHplTEVrbzN2Q0EtajZmc0VZR0NSdi1XZmk1UzY3Ym5tak1JdXVfMWFvbjNHbkRLcVprdUg4MlVGczZxS2xCN1RsdzlIM2c0MEJzUGt3UnlSNzUtSjZId0NoMVZXOHlQVk00b0JveGF5YTl0N2pobHExLWhJQWhoblV6WG05TGJlWk04dDRoTGRISFBULWp4NlB2UF82cVBGNU5aakZ0dWY1RDBaeEFDZnFLNXg4aXVLYXkwUzl3QmJ6VjlpQmFkX3Z4UmY2Q0tScGJRT21wbS1IZlRNb0pZV0xLTkY2YWRGbUN2WFdBY0prYzdMOVV0MnREazRPYjZwUTFkQnd1djNqLVZWS3VMRjdMT0FLbHp4RGtIMnB5Z0ZpajZmc0V5U3Bwd0pnSlZxT29NRXJQYTFEcElFMnFneXBtbHQ1dEJranNUazhqQktrbndCdG9xdFE5X1hIaGNNb0ln?oc=5&hl=en-US&gl=US&ceid=US:en,fitch ratings advierte que los cambios propuestos por el gobierno petro al cargo por confiabilidad aumentan el riesgo de un racionamiento de energía,0.9735940768327644,1,Negativa
crecimiento demanda energía Colombia UPME,Colombia supera el 16% en energías limpias y consolida el avance solar en su matriz eléctrica,Caracol Radio,"Sat, 14 Feb 2026 08:00:00 GMT",https://news.google.com/rss/articles/CBMixgFBVV95cUxObF9EWmFSU0dEWkdoS2M3OFdDZDI0cVdhZDcyalBWQTNQZnBCWlVudmxoQ045Y1ZaT2lXMXliQjhULUJFQ2R2aXFrcnpNQjNjVGlrSDdCQU16dTZzVGc1dWdPdE43LXZVb0VIWmNOMk85djBMaEdoZi15QkszalRxTzJjSV9rMGxLdGoxOFg5ZTVUZDcwR0tHZk9yUi1GdW8wNGpTc25TU1pETlhvSU5sdGVZdk0tNW5UOTFJbmVJOHZkMVQyRUHSAdoBQVVfeXFMT3pHMWpGUkdKQUx3YjNoYVpkaUlhLUN1OVhiLWw5MzJDR0VXRlFpV19Xc29nV0NIVVM3bVNuNnVHdWN3LTRWQ3IwRHZRRldPdDJ2S1lwdnVoVXZVdUp1ZXkyTGhSSmdtWEhlaEpHV0xRdkotWFlsZTFXckhrbHUtRXFsQlNxVXY0STlMR3AyUzAzSUdWQTlVNzd2aW9CaVdIeWk3S2RyeGE4VWlsYU1VZ0ZCaktTU2RJYXVtRzRoVllocTAyelYxbGN5U0xobXVkME5RNjJ1WkIwRnc?oc=5&hl=en-US&gl=US&ceid=US:en,colombia supera el 16% en energías limpias y consolida el avance solar en su matriz eléctrica,0.05941852239100514,0,Positiva
crecimiento demanda energía Colombia UPME,Nueva subestación eléctrica en Antioquia promete reducir apagones y fortalecer la red,Valora Analitik,"Wed, 11 Feb 2026 08:00:00 GMT",https://news.google.com/rss/articles/CBMimgFBVV95cUxQYlhNSGdDNkVBNE55bEF3TTJzeUMyTVFBa05sUWhaenFpVEpjY2UwT014WXVNSXJuam45ZXJmLTN6ME5nWllmM1JLS1g3N2lzNGpSbTJlV3FrRXVFWXI2Njc0NVROY19HWFNxVnJ2OHFQUWRwUHpuM0ZTZkJjSUNJUW5UTWpmdTY5R043UWFnY3JCWnBzaHY1b3ln0gGfAUFVX3lxTE1oQ29GLWszUmRpNnlQWmpmWmNaM0xPS0U4T2I3N0pEcWVQNDZMUTkyV2NhZ0tNc2tLeUdDVzBhWGlYQmdTb0N3U0ozUlR6bFFhTk1RYlJmeHJ4OXJTS0dIcnIwWG1MNVA4VHkxSUhsaVNXeTlwek9MYWptRF9pd0lxLVY5TFFKT0wwcHZuOUZSUE1QczRmRWNFNGZmUXRiaw?oc=5&hl=en-US&gl=US&ceid=US:en,nueva subestación eléctrica en antioquia promete reducir apagones y fortalecer la red,0.9735940768327644,1,Negativa
crecimiento demanda energía Colombia UPME,Upme asegura que 'en Colombia no hay riesgo de apagón'; demanda de energía se puede atender con infraestructura existente,MSN,"Sat, 07 Mar 2026 12:23:32 GMT",https://news.google.com/rss/articles/CBMipANBVV95cUxQamVBdHh3SUwybGxmSmoxZEFYRWFrRWVjRGFleFJzTU9JWUc0ZXpER0VMTHlYSmczVnNYSXlxeEwxNTBESl9wdTB2NmlndHotSDd3Y0pzWGVrUXdMYUN0bjROQTExbW1hX0hibkl1Vm1BYnpMSFF4X2huMFZNbDFYdm5OZExmTEdELTctRlZDOU90UkNZdnJzaHIxMG5ua2YxVDVCeC1FRXlqVGhFbENfYWZMYWlBS2VDeF83S0FER0gwWEtseHpHaU1kdV9NVGJBUlFzMDh0UDYyUFlRRUVRUWNfb3U1STZiZ2U3VlczSVNfa2Z6amU2UUQxc1VOSUg3RVJuc3REVGR4bVNKWVhFNXdmMUN5N0N1bDg2SnVOd0xKNDNpVTMzQ3NjUzJxU3RMWUFodGI1Sl9VanNCS2QzekxoOFFWZ1BoVWRXNElUVWdQUFc1aXBWZjJYRXhQc1Ixd1oxcEg1R3dha2tlNTZ3bDF2bC1HNkZSTEF3Z0dVbzlhQUhFNUtwZ2hmN0xwY05HMDNPR2tnRWlnUzR5QTYxbnhNaG0?oc=5&hl=en-US&gl=US&ceid=US:en,upme asegura que 'en colombia no hay riesgo de apagón'; demanda de energía se puede atender con infraestructura existente,0.9735940768327644,1,Negativa
proyección demanda eléctrica Colombia 2026,4.000 megavatios de capacidad instalada serán generados con proyectos de energía renovable en 2026: Ser Colombia,Portafolio.co,"Wed, 11 Feb 2026 08:00:00 GMT",https://news.google.com/rss/articles/CBMi5wFBVV95cUxPZ1FGMXZMTG9pd2o0cGtpYU8xX1QtNXhUZHBTM2ZUZXBYRUc3dEtseXJFc1JHcTNrR3lDblVXdWJkQ1VudGtGY1hDZzV6TFBHdWNGZVFjRVEtMDdpNEsySFlnUC14XzRzYm5IMEhNR2dZWUs2eDYzczFralFuYjBaZVU5VWdVNnV4UXU1Sk84akFIUVpIczdBcGxYVXhlNVZZSWFjLW45UHdBWTRRZjJ2YlZDNlNMZTVOSFdiWnpCendkSVNKa2QzbjJkNzRPU3pDNVRlakdFT3FwTTFGcFNtUmh1dTU2NjDSAewBQVVfeXFMUHlrcldVZXNxZ3RIZE5xdVktT2RZLW9IUjM2NjVSX013SkZrdHFvNDlxejRsYXl3bFR4WHM1Um9sdGpEbFZfSmZiemJwci1CR2FuaERZTGF4U2ZqdDVYeV9LLVlUSHI0SlNoandLZ1BZVjdlUE9sOTNaSmVQeWpTTldtVVk2NU9aRWdQdTZtOVNvd1FOZTVvZkxQOHlCcUJYd0pyaDhieDdxTmhNeFpiLTM3YmFQWG5tQkQyenQwN0lUeGltb1BZSlFhMzZvbHNfeE9MNEV2NjRvNFpMZjQtOWtxcVBLUWtrcGJvd1Q?oc=5&hl=en-US&gl=US&ceid=US:en,4.000 megavatios de capacidad instalada serán generados con proyectos de energía renovable en 2026: ser colombia,0.0724724616874859,0,Positiva
proyección demanda eléctrica Colombia 2026,"Consultas y licencias: los nudos del sector eléctrico, según los candidatos a la presidencia",Caracol Radio,"Fri, 13 Feb 2026 08:00:00 GMT",https://news.google.com/rss/articles/CBMiwwFBVV95cUxNcllldzZNLTJ2dWpZRFVWRGNhRzVEM3BwcF9QWXRDRkZkX2xkS0NTWmhBTW02RXlpYnJoakM5U0ZVUGhzUXVKZ05VWmdnd0xRQWZjUUxnS1gtRmZQdm1OajVlMUJmTnF5aVZIblo5ci1iczdkUGJOSUtHLWdiSlZhMjNQemxyNWlGV2NMbEtvd2dlcFZRZnpmajhqWWpiaHlpb2VENzUzYlRZOVpQZmhpTTkzUzZmbjFMQm5MamVULWo0VkXSAdcBQVVfeXFMTzlOa0htcFZfdGNobi1YZUVvNjVyU3JMQkxaUzEwR3Vyc0RIcVl1Smd1ZGZZeVBrRDB5TUgwWlFFZUtGNjBtSV9rU0o3Y2wzVmZTc19nSGpFMWEtNWFsaUZRZ3hHd2FIbkQ1bTJMQlFPcWRxdC1iQ0RRZDNWUlhrLVVwa1gwaDgyeFcwWWhrU3Rtb3l2d1R1dGExSE50OEF6OXptNTVIQ1NBRWxQNEdYdDI3RmQtTmNRS0NUcmdoVnBZR285dDVBeUNnM2hjT05VLWk4Q3NlMFk?oc=5&hl=en-US&gl=US&ceid=US:en,"consultas y licencias: los nudos del sector eléctrico, según los candidatos a la presidencia",0.9735940768327644,1,Negativa
proyección demanda eléctrica Colombia 2026,El sector eléctrico necesita un nuevo impulso: Acolgen,ELTIEMPO.com,"Mon, 02 Feb 2026 08:00:00 GMT",https://news.google.com/rss/articles/CBMiogFBVV95cUxPbW1maHdZTldEV0pwQjF3VnFPYUI0MV9lOUlPNGV3Q19TSVNUenFVbHhhYjdVcXQ3azVEalFGc3kyZDMwXzRPcmV6TmlQRVlnN0I5Zi04Zk9KcUVqcUxyU1pERVRDWUR3eDI2c1lsNmhCWDN0Qld4U0N5X1g0UkhtSEFkQWNRajczTlBnMmhBdVktck5pTmJrT0p5eUZRVDBCNGfSAacBQVVfeXFMTlhCckl6NkxOUnVObERUR19KZUFENy00YW5sMDBQR0ZwTXdOMzY5aEpXLTZVYnVPSVJUems3SmZkSmM5aWM2R3ZtUEljVlE1UGV5cXpCeE5ESnlwTUc0SDFGM1BabEhiVU1VTFc2bG5oeUtKWEZIMlJCdUhVaUJ0cmVSTDhaYVNLdzdLVjlCbzdVRDNZM2ZYRU1uRy1Oc2p0LUNIWTV3aFE?oc=5&hl=en-US&gl=US&ceid=US:en,el sector eléctrico necesita un nuevo impulso: acolgen,0.9735940768327644,1,Negativa
proyección demanda eléctrica Colombia 2026,Entrevista | EPM aumentará transferencias para Medellín en 2026; podría replantear su permanencia en el Caribe,Yahoo,"Sun, 22 Feb 2026 13:20:37 GMT",https://news.google.com/rss/articles/CBMiqgFBVV95cUxQT2F5ZjBLT1paZEs3RmVPQnh2bEp2SVdDellCdFlXbUQwb0diSTE4NEJTQzMzUkZlRi1tR0xXSjF0by05RTlURGJCTndFc0F3OHFlalhBY19aZE1NZmhsbE5vNHY5aldXcXk0VFJob1JMaGQ4TjdmTEo2LUNEMlM3V0Rnc1NCWHc5MW10alFqQVYxN1VHOTVvemNZUFFtM0R2ZjlzMFhXY3h3UQ?oc=5&hl=en-US&gl=US&ceid=US:en,entrevista | epm aumentará transferencias para medellín en 2026; podría replantear su permanencia en el caribe,0.9735940768327644,1,Negativa
consumo energía sector industrial Colombia,"Demanda de energía eléctrica en Colombia creció 4,5 %; la región central y el Caribe tuvieron el mayor consumo en enero",Yahoo,"Tue, 24 Feb 2026 08:00:00 GMT",https://news.google.com/rss/articles/CBMipwFBVV95cUxNdk1UZzBqeDVXanJTSEg0MFV6MW55WVI5alh3d3VmQmdveW5qTWxkbmhBb2ZDbFpZSGJXVjFKaXdfT0dKb0VGeTJJYmZtWmRkczFNWlBiakJpM3hLOW5jSXZmS2o0R3B6NGh5WFpweDlQVUpnelVDMnhpalAyVEdjTC1YenFsSTRaYWFLbHJTdDhIeWdXbFdtOVNYaDdJRlVnZEg4alh5cw?oc=5&hl=en-US&gl=US&ceid=US:en,"demanda de energía eléctrica en colombia creció 4,5 %; la región central y el caribe tuvieron el mayor consumo en enero",0.9735940768327644,1,Negativa
consumo energía sector industrial Colombia,"Demanda de energía en Colombia aumentó 4,55 % en enero: estas fueron las regiones que registraron el consumo más alto",ELTIEMPO.com,"Mon, 23 Feb 2026 08:00:00 GMT",https://news.google.com/rss/articles/CBMi-AFBVV95cUxNV2ZuS2pTSWEzdGRHVmpORkF5SFBGWXoyMmg1a1ZndzVYdm15SjRjcjZsbFJuUG90MGhjTGxMczBDckh6bGlGS1BoQXZNZGhIcWR0WmJoaXJfTjBrVFhlYnVfelVJMTZfYVFYd1h2dGROWlc4Tkt5Z3F6b2tfeFBGbVlXLUl6WXVrVjBtNWttcTB1Q3l4eUxsT0xxU0xDalEwTDZTME8xYzRjS1dfZ2RPR1dkODNDSlJMQ2dBcFVvaHNUVE5XX2Nyd3c2VHBmX3ZnZEZwN2p6bGtJTE9vYmJjSEdKR21ILW5saWl1OTVWdVJDUUVPZ2ZROdIB_gFBVV95cUxPamNieHkxVkx2S0t2YktRSEkzSENxQzdPUDdfZExHdUVDN0FwRlZ4eTFHUjMzSmtTS3E5clBNbjBDcm5SNEJZUGNMQ3dqZEFqS0l0NElpSHJMZ2F1NHQzNndRbkhaX1hLSlVYUE1CbGpQNWRxOU93djRjR1k5UmEzNGpCQzBrWGI1VnFTc0ZwUDhrc3ppdW0yQlNfajhNZjJrRWZJQlVXbVloSFQxRzBrbG1oejJFTzJIb3VlaHRFb2h1QTRsQTFsRFo4eXBpUlRvS0pudVBZaGpOaVBfeHlkWFliTDFWNi1aODB4NUVXR3hWSXQ0Wi1uOHRRamFqZw?oc=5&hl=en-US&gl=US&ceid=US:en,"demanda de energía en colombia aumentó 4,55 % en enero: estas fueron las regiones que registraron el consumo más alto",0.9735940768327644,1,Negativa
consumo energía sector industrial Colombia,Transición energética en Colombia: principales retos para las empresas,El Quindiano,"Sat, 07 Feb 2026 08:00:00 GMT",https://news.google.com/rss/articles/CBMirgFBVV95cUxObnE4MlZZN1BqdTV4ZDZqYXJmNW80Y0tscUMtNnFmR09fR2FqOWdFS3RUUVIxbkx3Z0YtREJ5QmE5TzhxYkU1bzBTWjNMdTdnZ3JmYVVHd29ZZ1NON0d6WW52WHdtT2FPdU9WYlJNZlF6SC0xekh6QkJVWXVEdzcwbkVwUDlSRjBwNnlIZURUMUdseVZBUElmRGZVTTlFN0pIRWJsSmpqU0oxVk1xWGc?oc=5&hl=en-US&gl=US&ceid=US:en,transición energética en colombia: principales retos para las empresas,0.9735940768327644,1,Negativa
precio contratos largo plazo energía Colombia,Precio de la energía en bolsa cae a mínimos históricos en 2026 en el país: Acolgen,Caracol Radio,"Fri, 20 Feb 2026 08:00:00 GMT",https://news.google.com/rss/articles/CBMitwFBVV95cUxPS0JmN3hPT0YzckdMLUlhZVVKdjlmY1dUdkVQSXV5bUVvSmFpRloyTUZVbjQtdGduNkhZVFpuTlo3VlNhRUxxU3JwUVBzZDA2Zl9WQmlvaTUzSnhzRmJsdkxVRmpMSGJGaXNHcEFNQ2RjOFhvTk8xeDcxTHhVajFCX0RvMDZWcDZ5VTJ0Q0dPZF80ak8yZVZrQ3lJMC1CbnFNRFBmQzJWOU9PeUtmOGVYZnNBVEpRX1XSAcsBQVVfeXFMT0NEbFgzdlZjdDN2aksxZkswcUpLOUhmeEEtUUNRZjNHeVVuc3RFU0JYY0xHTFRZX0pzVndrM013TmpzQ1ZEaG10bTYwTno2Q0JNTUV2TXN6SXk0eDhscjVYTFFjYTYyUl9oQVNjeEo4b29fM0tzS3N3R0FnX2E4akVHOU5xZ2FibXRDWDZ5dmVWM3BFa2xsaWQ4alBUREdySFhkeGJLZHdZVmtpQ05ObXF0UW04MEhjN2ZwZm9Wcll6WjFzRlVSeTJ4QmM?oc=5&hl=en-US&gl=US&ceid=US:en,precio de la energía en bolsa cae a mínimos históricos en 2026 en el país: acolgen,0.9561881683017494,1,Negativa
precio contratos largo plazo energía Colombia,Colombia lanza primer mecanismo de contratación de energía a largo plazo,Latam Mobility,"Tue, 03 Feb 2026 08:00:00 GMT",https://news.google.com/rss/articles/CBMijAFBVV95cUxNYVE0aEQycGlydTUwVDNNTkRQTjJCQS1jYmlsdVFWWjdwYlA0dGRjTTRaQTNwLUlsMl9EYmV4cHdzcm5VMXF3QkpUSjRIRDVpaVBFd0FvRlpVUlB3VFRibDh1UTY4TS04azBqSVh0YWlpa21qYXp6ZXYwU3lJMFlVWF9SNE83TlNKb1NObg?oc=5&hl=en-US&gl=US&ceid=US:en,colombia lanza primer mecanismo de contratación de energía a largo plazo,0.9735940768327644,1,Negativa
precio contratos largo plazo energía Colombia,Subasta de renovables en Colombia pondrá a prueba apetito de inversionistas,BNamericas,"Tue, 17 Feb 2026 08:00:00 GMT",https://news.google.com/rss/articles/CBMizwFBVV95cUxPSHUxTC1yUDVTb3ZJbng3TnZvZUp2UHlwUlJoWkVUelZvVG8yb3RPb2IweThPUXdZYVZDQUg0cHNId0dkQTRHTHo1TmtJdTlzU3RpUjhwWVZiTlBkeXNURElYUGtwY1RGQ1lyZWliWERwNkxQUUZaMmZiVWhjWlVRMUNfS1NQYU9ISldXS09QckUwelkxYXFLbkJ3MnRSeVlpM1ZKYl9naGIzR2tCODFnWmF3UGk4bGdUMENENXJCS1YxTVJJNGFtbXZKVC01N0U?oc=5&hl=en-US&gl=US&ceid=US:en,subasta de renovables en colombia pondrá a prueba apetito de inversionistas,0.054734286808783034,0,Positiva
precio contratos largo plazo energía Colombia,La transición energética obligaría al país a tomar decisiones incómodas este año para asegurar el suministro,Portafolio.co,"Sun, 15 Feb 2026 08:00:00 GMT",https://news.google.com/rss/articles/CBMi8AFBVV95cUxNUllXQmdsNmpYUDdzYzF1VENMekt4WjNkS0tHOEdObnRFV3ZxRzZHd3BZVzBkV2o4VUc1dm1laDNNVUFRV19yVkpoVFd3VVc0cC0tVjF0UXhBalVDRE9hTUNSQVB2cUwyM1hpbmItempQX2tBYnZUQmY1aUN3Zk5mWEo2VC01UG5xN2pVbUZycVVrNE92SzFLcVBtbHk5b2ltdXExTThCTjl3REhaRldqVklFZGxHWnRuVlFpU2ZsN0VPRll4LUpSakdtTVhXM3NmR1FjMU1YMVQwRUZfUFNFZG1icVZHZ2cxVTRHemxIX1PSAfYBQVVfeXFMT1JKSlFQRUQxNlNMS1NKNG5ERkxIN3JzcnBhMlNyd2ZxRFhwT01XRGREbDZmck5aQVBJblVpN2dVZHE3YWd4V0RLdGVxQ1I5bUdmTVZPdkZ5OWZyaEVsZXZoMGtfYTJlbUpYU2g4RzdOdUdxVXQtZmp4SEJHQjZaQ2x2Mi15Yk5JcUlSMXVJMzdURnFsbkVJb3ZQTDZuSlBHNzZMc2lMaFRlTUN1X29MSDJNckNXcVBtREU1QmJqYU54N25kS056WkpBcGpoZVgzcV9xSVhXNUY4NG14Y1VjWVlueS1XSVlmdF9ZUkhJSUpySlBUbkFn?oc=5&hl=en-US&gl=US&ceid=US:en,la transición energética obligaría al país a tomar decisiones incómodas este año para asegurar el suministro,0.9735940768327644,1,Negativa
precio contratos largo plazo energía Colombia,Pulso por las tarifas de energía: ¿las lluvias y medidas del Gobierno Petro lograrán bajar los precios? Esto dicen las empresas,ELTIEMPO.com,"Wed, 18 Feb 2026 08:00:00 GMT",https://news.google.com/rss/articles/CBMihgJBVV95cUxNd01NOHQ4WmtybHpiNFZsSkJPWVNtTElWUUZQdGRmOXAtN0l1V0FqeE45TGZhbzJGallmeWhTcTdYSEhiOWIzM0hGT1ZuOVRqS3NCaWh5WHRSVHJSYS1jT2lVQ1NWQ1pqZm9IVGF4WUxNZ0hsYk42UExlTnY3ekV0SHJrU09GYk5QSnp4V1dzYU1HZnhVaVQwam5BUTlRRnVJakxVdzM2MWgwdVJubDI3LVJmZjZmZXQtbWR1ZEhZYkV4MkRYQ3E1eXljVVBNV3hwQjZpa2EzQXZ1cFA2THRoYnBIdVZxbHhnSDVHQWJhMzE3SDBMZ2wxdWZtYVFIZGlMWmo1TWJ30gGLAkFVX3lxTE1RV0tFTEp2V2VkSk1QMmRvdGJRajJSZlhOZXFOOFAzUjJTRk1IMFM3RXViUS1mTlhLU0Y0V09fX3EtS2tIR3ExcVVSNDMyVzdpRnRRdWNaZEVTS0JIRDBMNTZUYXh0VWtUS0JNNmljZzNzS1NUU0hxaWNycktPOHZndXhVcDRMMm0yNE96eGlhbmt6NTBweXBSaUFSTFprTFEtWmVRY3dTcW5ncWxWdjRSQ0J5Qnl0M19KRTZldC1FbVFEUEJFd2JPcEExNFBOQTE4MlNKRTlGd0xyYlZBekx5TkFodFUtRzVDNGdUVS1GNW56b2pWVGU3UkxpWkF2S3RBc1cxb2xDWUZ2NA?oc=5&hl=en-US&gl=US&ceid=US:en,pulso por las tarifas de energía: ¿las lluvias y medidas del gobierno petro lograrán bajar los precios? esto dicen las empresas,0.0035942794861231167,0,Positiva
precio contratos largo plazo energía Colombia,Acolgen reporta caída histórica en el precio de bolsa de energía en 2026,La FM,"Fri, 20 Feb 2026 08:00:00 GMT",https://news.google.com/rss/articles/CBMisgFBVV95cUxOUWxvMU1nQk9PMENsX0VXdk1DdjVQa0l4VVdPUGoxdUNkVXBPbDd1UUprTGxVZkVtZE5oX2VuUmY3dmVlTk9kanN0V2VDQTdFQnkwbzJtN3hkQy1sSzhPM2FtNWxfc01rWDh4TXk5Mmg2bjFBNGNzRHB3anBSZGg4aDFyRFlOcVN4cURGXzE2N2dMc0Jsd1dQbTZBZ3VDTmVQMVdHcnVuUzV2ZU1zZzlDR0NB0gGyAUFVX3lxTE1oNEs1eE9PZVNKM185Q3lKMlg1WkF0YnZJaEtoeVhUb2MzZXkycHRwWi1FZ0o0OXU3UzZWN05sb2xKT1Y5Zk1yTjdweWwxQTk4TXhXS3BQTVNfRmZLZDJTdEl2NjExUjZGMDdpQUI4M3BWVmVzcGgySHNycHNHbkpBVW1ZTG9sbVIza1Y1bUFHNjZKUG44c1htT2RTd01GVVVobklGQXh4eGIySzlxX0xSdUE?oc=5&hl=en-US&gl=US&ceid=US:en,acolgen reporta caída histórica en el precio de bolsa de energía en 2026,0.9735940768327644,1,Negativa
precio contratos largo plazo energía Colombia,Precio histórico de energía en Colombia: ¿por qué no baja la factura si la bolsa está en mínimos récord?,Pulzo,"Mon, 23 Feb 2026 08:00:00 GMT",https://news.google.com/rss/articles/CBMi0gFBVV95cUxOWmZMWUNQRWZjWk5TcWlMdjJCcWZORFJFSHJ3NTlQbE5qblNVcFhCUm9SSU8yTHJPZ2YyX3BzMUtQMFZCU0hYVDU4TGxYamhsTlE0Wk1mREJWNUZ1UGhjWkZJRWNuRm1DeDc1ZmF0ODVRd1B3amxQYVlETS0tWkgxd1lXUWJ0Zmx2aVI5QTgybTcwaUdsdTd3elkxU0x2U2dzWUQ4am1wcmdQTjV6bWg5bUJrcUhweWJNTkNKeGJVMUU4cnc3ajBJQV91N3N5dmxBcmfSAdcBQVVfeXFMTnMtQVhmQ3RVQ1JGcE1FNU04VmpFQ2NmQWx5aU9yQUpNSVRkRWhzeVZnVFQ5S0xVQWNhUGdSN0NwOWhxTDIxWWp3dmd5am45QWlERHQwZ1JhZk11RzFWTnJOUVd0amkwYjFlU0pFdUxISXJKTUx1bkN0LU1jdjBDRXZISW1sdGh5UkhBSzZ0VUN3YktWY0lJaWF3cFhRdFo4b1UteEF5NFgwTUFGTGFQUGVOLVBPX2lhaEQyRkRzQjA4dEk5aGswNHpaUWNLeVZKYUJqR1d0elk?oc=5&hl=en-US&gl=US&ceid=US:en,precio histórico de energía en colombia: ¿por qué no baja la factura si la bolsa está en mínimos récord?,0.3397062383401765,0,Positiva
precio contratos largo plazo energía Colombia,Colombia tendrá mecanismo para estabilizar tarifas en el primer trimestre: director de la CREG,Valora Analitik,"Mon, 23 Feb 2026 20:17:53 GMT",https://news.google.com/rss/articles/CBMiwwFBVV95cUxQUWpYNkVBSVRIZ0pNeFBTcUFjeWpNTllzNGI1QTkzQ0hWQmNnV1JtWTJ6RmFyaGxURV83YzR6SE9fSWxKdnRBQlR5bnFUSXB5QWpBR0JJcHVzT0xIczJOb1FyMl9BbHRNRWNJUXkxTkNrUWRQb05ob0lQRjdSbm0tVElfRUtEeFBGdkpxLVJFc1FsN3BNUDdubFZoNUtkVXUyS3lVbzFtU3pjSUJfTU93TmhvanZjOFY5eHZGcGEyQ2F5b1XSAcgBQVVfeXFMTkkzY3p3V2lYVURKNUxfTm9GME9MVGt6U0Q3b2ozeVAtdzhNNGs0OFJ4UXEzSDhYS3FhWFE2OHZsWThNRzNibVczYUVXZDZ4SlltcWFDQkRDTy1mUW91V2dGUzNnRERMUlVLYV9UQmtMTTg0a3pDTGxnSkEwdGZWckdRYngwbGtXMEFqbGJOTU11RjBvdFJRLWt0M0JfS1hQQmRjOUNxVGpuSURhb3FSeWlXX00zSTlxa25ab2xUN3phMWtYMWJPVlg?oc=5&hl=en-US&gl=US&ceid=US:en,colombia tendrá mecanismo para estabilizar tarifas en el primer trimestre: director de la creg,0.9716133745087822,1,Negativa
precio contratos largo plazo energía Colombia,Tarifas de energía en Colombia se estabilizarían en el primer semestre de 2026: Gobierno Petro explicó la razón,Infobae,"Mon, 23 Feb 2026 08:00:00 GMT",https://news.google.com/rss/articles/CBMi6wFBVV95cUxQdmRfWHVLdUJnLXhlUVktdTlGc3VOMTdPZ1JhVTdsR21kdFU4S0E0a2FhQjUyYUJDUHA4TUJRMkVSVUw4c29BSWVndFc1R1R1dUlEZFB3RW1OSlc0am9oMW9xLWtyVDBBTDRMSnJQTFo3Q25SdnhFcG5BQkZTaGxFbVJ3d3VjNkVYWEZQN2xZZ3dFaW1ZWXEzSFdzb2Z5ZFBLZ3ZqeWV0Rzd0NFIzOW9nWFdpWWNiN3ZwTlRYNWszZEtQQWcxcko5SUhQeGt4cDlzaWVvekpRcjZJSmtaal9JMGQ2NVV0UERfZ2hN0gGGAkFVX3lxTE9GRUxmVDZPb2FLQlF5NnB3OUNtQzhKdzlJcWJ1Vk5kT2pHMzByMm9oMDlEaF9lNXNwS2haRWFyQlZ1bWxCVGJqYzVTLVhweE9peWR1THN5c2J1d3ppY0IyV3RVa2RGQWY5WGMtcWZlZlJVM2s1UDhGeVFfRWdGallSc1ZFQTFWeGlaYUhBZ1FJT09fb3loWjlWWlNLbjh4OTlHSWk5aTRneUh1Nm9jS05HRE9lTElVdUtGeHczb1k1SEo5eG9fS0xpYmV2MzkxZ2Y3cC1EMV9DLW9qXzFXanJBblVFRHI2TjE2b2s3ZkxxNWFteFJtQmthRTZ0R2V1SlhUNVlfN0E?oc=5&hl=en-US&gl=US&ceid=US:en,tarifas de energía en colombia se estabilizarían en el primer semestre de 2026: gobierno petro explicó la razón,0.9716133745087822,1,Negativa
precio contratos largo plazo energía Colombia,Precios de energía en bolsa caen cuatro veces frente a los de 2025: ¿se verá reflejado en la factura?,Yahoo,"Sun, 22 Feb 2026 08:00:00 GMT",https://news.google.com/rss/articles/CBMijwFBVV95cUxQdWtoV0FVYnI5MnhwbWRDdlNSZFpxZVZuZTdoaTlpancyeHNWYm5DeXpqQVgwUUhUcWFzakJza0hkUFZpTUYxdmJvc1JRVlg2VHJzLXdkVVRrbk9zemF5Qy1TbXUyT1AyZy0yeEZDWDM2ZTBNZE9EaFk2aTZIYm1YOV9IYjBLOTZ4cGQ5M3BVSQ?oc=5&hl=en-US&gl=US&ceid=US:en,precios de energía en bolsa caen cuatro veces frente a los de 2025: ¿se verá reflejado en la factura?,0.96925436887197,1,Negativa
precio contratos largo plazo energía Colombia,"Por alto nivel de embalses, Gobierno pide bajar precios de energía",lanacion.com.co,"Wed, 11 Feb 2026 08:00:00 GMT",https://news.google.com/rss/articles/CBMimgFBVV95cUxPenpIRTUxVW5xdFlLanRobnA1eUZoaEctQXNKZGd0N1hhakEwa0VMQ3NRa2REYVpPLUdycTBFMDVJNmYzV0NMYW9JZEdNSUx6T2hNNzBzRS1MRTBuNkRIMHJDNy1WWGpUcTRGYlRPYWs4c1U1Z0pnc09iX2w1OFRtTTJaV1JvWnRFNEctV180YVd3NnlSd3RrQkV3?oc=5&hl=en-US&gl=US&ceid=US:en,"por alto nivel de embalses, gobierno pide bajar precios de energía",0.06415123655382292,0,Positiva
precio contratos largo plazo energía Colombia,Colombia apuesta al almacenamiento en su subasta de largo plazo: ¿Cuáles son las condiciones clave?,Energía Estratégica,"Wed, 04 Feb 2026 08:00:00 GMT",https://news.google.com/rss/articles/CBMizAFBVV95cUxNX2UxanRzaC1iRlc0UGJmQmswQVV1N0JLRktOQ1cyYjNqN3l6RmF3QUlvbDY4d2pHR3VfZXN4dlFmdlk2bjVpWGwwc3dQeXVOMnpUUUw2eE9FQl9hTGdwNUtEZFg3T0F0M0gyeUN6MndRT09DOGJDdUNPSkM0dmpXTzhyaDRyaHVwWHZiX0ZwMTZubEIyRUFjTzlIMjZueXNONnpvbDlBWDNEVGw5N2pKZzRMeWtWcEMyX211SXVuek9jYjhDU0JYN3lHRng?oc=5&hl=en-US&gl=US&ceid=US:en,colombia apuesta al almacenamiento en su subasta de largo plazo: ¿cuáles son las condiciones clave?,0.9735940768327644,1,Negativa
precio contratos largo plazo energía Colombia,Precios de energía en bolsa aumentan pese a que embalses están en máximos: analista explica las razones,Valora Analitik,"Tue, 10 Feb 2026 08:00:00 GMT",https://news.google.com/rss/articles/CBMizwFBVV95cUxOVWhOS0dQVDk0Z0d2X2lsVlhPcl9PbDNqMU91Sl83eFdnNm45STdjYkM4TjVvRndwQWJSTFQtclRIRWdZVGhJN0NJWloyOC1JVlN5dlF4QUdZOTBZbzZMRnVSTXltOHYwOUlMM2pfVTVHdlVEZ08tVjVuV2FKRElmMjVmYVRKd1hWSXZUQTNkdlNrRy1jQmpSRENiUHFldVZ6WHF3Z2JVbWtkYmxxVHZtSFN1ZjcycTBvQmRIdVVaYVFWV0Q4d2hROTJyZGRadGfSAdQBQVVfeXFMTXgzUEM4ZTJwR05aajJtSWd0dFBaZllfS0lBNkNXMEVjTEJGVTZLYl9sNldYNG56V2k4dmU0UzZicU1VWElTdDBueFRDOXRZcWFTWGNPam1aOUlXcUZwcFNIaTRGV1Nqb0FUTUpFcmN6MlpwM1hwSkdHWG1FeFp1UGNhVG5oY295ekZyZGxaZVRFdzVQNVBWcEtoa0VRajNjMnZmNUFfMS14RWpwZndWQXpscC11dnNNWmlTaER1c2dDRXVuMjkxLWw3cjJGQTFQMEtXRmQ?oc=5&hl=en-US&gl=US&ceid=US:en,precios de energía en bolsa aumentan pese a que embalses están en máximos: analista explica las razones,0.9427305179898955,1,Negativa
precio contratos largo plazo energía Colombia,4.000 megavatios de capacidad instalada serán generados con proyectos de energía renovable en 2026: Ser Colombia,Portafolio.co,"Wed, 11 Feb 2026 08:00:00 GMT",https://news.google.com/rss/articles/CBMi5wFBVV95cUxPZ1FGMXZMTG9pd2o0cGtpYU8xX1QtNXhUZHBTM2ZUZXBYRUc3dEtseXJFc1JHcTNrR3lDblVXdWJkQ1VudGtGY1hDZzV6TFBHdWNGZVFjRVEtMDdpNEsySFlnUC14XzRzYm5IMEhNR2dZWUs2eDYzczFralFuYjBaZVU5VWdVNnV4UXU1Sk84akFIUVpIczdBcGxYVXhlNVZZSWFjLW45UHdBWTRRZjJ2YlZDNlNMZTVOSFdiWnpCendkSVNKa2QzbjJkNzRPU3pDNVRlakdFT3FwTTFGcFNtUmh1dTU2NjDSAewBQVVfeXFMUHlrcldVZXNxZ3RIZE5xdVktT2RZLW9IUjM2NjVSX013SkZrdHFvNDlxejRsYXl3bFR4WHM1Um9sdGpEbFZfSmZiemJwci1CR2FuaERZTGF4U2ZqdDVYeV9LLVlUSHI0SlNoandLZ1BZVjdlUE9sOTNaSmVQeWpTTldtVVk2NU9aRWdQdTZtOVNvd1FOZTVvZkxQOHlCcUJYd0pyaDhieDdxTmhNeFpiLTM3YmFQWG5tQkQyenQwN0lUeGltb1BZSlFhMzZvbHNfeE9MNEV2NjRvNFpMZjQtOWtxcVBLUWtrcGJvd1Q?oc=5&hl=en-US&gl=US&ceid=US:en,4.000 megavatios de capacidad instalada serán generados con proyectos de energía renovable en 2026: ser colombia,0.0724724616874859,0,Positiva
precio contratos largo plazo energía Colombia,Más lluvia de la prevista y energía más barata: la otra cara de los embalses llenos en el inicio de 2026,ELTIEMPO.com,"Wed, 11 Feb 2026 08:00:00 GMT",https://news.google.com/rss/articles/CBMi4wFBVV95cUxNTm5sV1BJc0EzaVo1c2w4SEVvNjNUZ1J4VC14VVI4d1M3eDZENG95dUp0VUJKSTVONlg2bTlsajBFTFlWREFHMGFpTzg1bmFfLTE4UzJzdHd5dXA5eGNXbHEwTjBYSEQ3Q0lfMktMamJCMTlhbE53ZGhZbGotLWRDTWpNYnJmZVpUNDducjd5cVZ6NU5FTVBqTXdjbzJKOFBfLXotRkpIZmlCRmpibEdnQWt3WC00QmxlZjhsNHBkQUMzZnViUmJSVS1RYlRVU1c4QUM4ZDM3bmNUeFJZZHFfNFQ1Z9IB6AFBVV95cUxQSnRfWXplSWFWZUl4S0l5MXp6cEI5NzZSTGV0TjhpMVl5TW5JNFlIUGg2RWVsWjVaVnNZcThJZmJzcDc3dWExd1EweDJDYkJSMHRmd0dVX2NleE1hR2tkeWJWaTBtZWh3OGlzYXB0TVVUUm5ObkY3LWNfTVFwTk9KMTFFWldySmM4a0drMDdMWlgzRGVHT0JDZDhOYUltdHpuTW5hczZhWjIxX1JZakI0VTNqQU9sMHdKbkdpbXFMRG1udE5IME4zelYtSnRFVVZsSUtyN3FhRmVrbzFyNWJRZ3M2M0c5R0xl?oc=5&hl=en-US&gl=US&ceid=US:en,más lluvia de la prevista y energía más barata: la otra cara de los embalses llenos en el inicio de 2026,0.24657536492088558,0,Positiva
precio contratos largo plazo energía Colombia,El regreso de las subastas renovables a Colombia: ¿podrá esta vez llegar la energía a operación?,Energía Estratégica,"Thu, 05 Feb 2026 08:00:00 GMT",https://news.google.com/rss/articles/CBMiyAFBVV95cUxNQmRQZUcwbjFBdEV6dVdnZTRoQmczOTRjbnFjR01NU0hPUExPTjN2S3NzWmI4Z1EtcDFqNUZRX3FhQkdhNG96SVZ4blpibnZzcTM4aHJ3VVJIMkVrRjY0YUhOZGF6T0NYTEllalZLRXExMXRrY0U1Nk1LbHQ1U3Y4X2pVTlJWY0dHQ3lMQkZyb3U1b3pjRDVfZU80XzVMcThtWURJZkJMd1NmZmc5UzJQWnE3QTFNLTkyeU1JNkhTNGM5U2VrVGptbA?oc=5&hl=en-US&gl=US&ceid=US:en,el regreso de las subastas renovables a colombia: ¿podrá esta vez llegar la energía a operación?,0.054734286808783034,0,Positiva
precio contratos largo plazo energía Colombia,Con lluvias intensas y embalses en niveles altos: ¿bajará el precio de la energía en Colombia? | El Colombiano,El Colombiano,"Tue, 03 Feb 2026 08:00:00 GMT",https://news.google.com/rss/articles/CBMimgFBVV95cUxONzdrTFFsQnowMHdJMHlkY3pZV0RFYWFCSHV1T0FQdUlybmRqNGZicHRyMlZKazRRN2l1MFltU2VES1ZYRWNkWE5IcnpvV2RDZjJfd3AyUWRDNU81QkkyaWZ0bGxZS1FhM1NxM3ZCWFV1b2l1Q25lVU1PYVQ4U2xicTlJX1N3YnZZd3VWcURlZnpaREhXMU5lR1VB0gGfAUFVX3lxTFBmQTlaUEJqd3BuamxJeW9yNHVOYXZyQUc3OGJyZGVsc3huNEpCYnB0TXRKaWRwUXc2UWN2eTRlS2tvcGNNVDRrUmdXNDBnM3lFejVBWVhFMk0tb0hvNWVBNmN0UnNQdkFiQnNJcHRrVGttbE5LSnB6VERvQS1nV1AtOVA5aUNIanBFWXdZNTgwZnE0NmRBN0owLXZyVXhLQQ?oc=5&hl=en-US&gl=US&ceid=US:en,con lluvias intensas y embalses en niveles altos: ¿bajará el precio de la energía en colombia? | el colombiano,0.10054142695861139,0,Positiva
precio contratos largo plazo energía Colombia,"Colombia superará los 4.000 MW en energías renovables en 2026, pero sigue pendiente una regulación clave para el sector",ELTIEMPO.com,"Tue, 10 Feb 2026 08:00:00 GMT",https://news.google.com/rss/articles/CBMi_gFBVV95cUxQdnNvWV9JNWg4M1RWVEE3ZFM4NEEybXZxUldIbm9wamw2UFpEVDdhd1FubnhQdVdfQWcwSTJvQUJzREx3NUFNblFvdnd2WHZvTGFJa0hDcGlrRmtuRHRlNFNXWHM4UlljWi1PVnZkVnpmc0ZNV0hORS1Ya0JVbWthMDROWXg4T1AzaWJSUUtKNnlQdm1rWGttaGxFdUgyWnVGNWlQNWJWUUYzNEhobnBuWDk5X1hNVi11SVFKZjYyX1hmRkFmQVNTOVhOZ0FFZmFEQ1pBTnI4dEpPenJ1WVM1dExVT2UwM1VTUGNPeU5BYWtRelJHUHRvWFQ0aTZ0UdIBgwJBVV95cUxPVzlQdnpHcF9TcHhVSHVGVWJYb1kxNTE3U2hTTjVGLXZVR0t3Z2VsMktrZGRJVWU5aTFKNVVLbU01MEo3cHpVbWYwaV9HWlhURUhSZmM2QjlwdWpMaUo1NXpMR3FxX21XZ1dmaE1XeHhJbUNhdWxsZEVXVEY4aVRCM0lpQ1E0R0szcGRKV0R2S2ZlajR4MThSUjMtc2pQYy1DSFNxMzZLeXNPVmNROThVdGFidVFNTFpZZFBwSkN0eHpsZS1CMDBkbUNHY2NyT0VvYldENFI3d3hMQWxWVV9nRDVrWk54TFIyb1lZWlg4NWdVQndhUEVfLW9HanpYOTQ3dVBB?oc=5&hl=en-US&gl=US&ceid=US:en,"colombia superará los 4.000 mw en energías renovables en 2026, pero sigue pendiente una regulación clave para el sector",0.054734286808783034,0,Positiva
precio contratos largo plazo energía Colombia,Vendría golpe con recibo de la luz en Colombia: situación impensada afectaría bastante,Pulzo,"Tue, 17 Feb 2026 08:00:00 GMT",https://news.google.com/rss/articles/CBMiogFBVV95cUxOcTIycHJaQU5CdEtVMGMwa2dKWW85eGw1dHpwZHJ1ZmlEQmlmc3REMGNPd21KclRicWtDOWxxOFJMX1RkNWdXdHlKNzc0ai1kYklQN1RfN3hEc1owQ1lXUGcyOGVXYlZySzRDcWUyUUFkTHBraGVJQW1nOXlhNzU1RXFNcm9MTzlQLUQ1WkY2QTRLSm81eE5aV2ctbU5wOTZoNWfSAacBQVVfeXFMT05WbHo3di1YQW1peFM5dE9KQVNsME8xazhoR3oxV3phOUNnT05VUC1QNnNsdlV4NXdaSVp2UFdOb2ktZGJMdWRvM2t1YnVEdjBmNEp4VXFhU3hpOWVLdzB2MmZEZFBDLXFKb2xGVUxySUJKcm9ZWTBFTnJYdVlPa2Fyb1c3UHZuTDBFZUFXN25TcTAxQUQxOUY4Y1ZXYVlXYnYxSWJTd1U?oc=5&hl=en-US&gl=US&ceid=US:en,vendría golpe con recibo de la luz en colombia: situación impensada afectaría bastante,0.9735940768327644,1,Negativa
precio contratos largo plazo energía Colombia,Colombia superará los 4.000 MW en renovables en 2026 y podría ahorrar hasta $7 billones en tarifas,Forbes Colombia,"Wed, 11 Feb 2026 08:00:00 GMT",https://news.google.com/rss/articles/CBMi4AFBVV95cUxNcTY1ZW9jMHhxYnpubGhOeWxMMTlDblFhcDBoekF1bzN0Q0tvR090b05wUjVoSEItVElKTUZNblIwck1ZeXRSc0FlQm5fZFV3cEN3V0xkRjE4ZGVkRU55RXZ2SFg2TUVwRzlhc2ZZWmdQY2dQS08zR2hicDR5YU9rLVJrNTJQQ29HWjVjRDZzM1FaWUxmV2MtMThXX0xRS2ljQkprM3NIX0NIUWNmYlk0dkZxSmJGc1BqV3A0aWd4MEhXQ3pHNFZqcVA0dWQ2ampOc3JrMFcwQWE0WURYblVvWA?oc=5&hl=en-US&gl=US&ceid=US:en,colombia superará los 4.000 mw en renovables en 2026 y podría ahorrar hasta $7 billones en tarifas,0.051011674118722206,0,Positiva
precio contratos largo plazo energía Colombia,"Mientras Petro pide reducir tarifas, Acolgen señala que los precios de la bolsa de energía están en mínimos históricos",ELHERALDO.CO,"Fri, 20 Feb 2026 08:00:00 GMT",https://news.google.com/rss/articles/CBMiwgFBVV95cUxPUHM0enkxcVBCa3FNVFlXb00wOXIwejNnNnIzQ2dtb0IwMkw3dzFUWFdXQ1NKMVduWmJCdldpcEZoLWFocUpETUYwN25Td1Q4WGJKeFdoLWsxaGRoNnJCLWZHRDB2U3R4aWZLMExKaFB1UU1rWUtvaXVWbEdFdXJQZklTWGswU0tzYlYwcGQteGo0TWEtWmtkUm1xN0RQcVFzVW9JQlVpV29kd1c0dW1mcUk3aEFhS2QyN2tqb1YtajhPQdIB3AFBVV95cUxPMnVQX0xidXdsT0dPVXBKejlvd2VudXZNczZMeHZURmNOMEhkOHVoUXRzZ2tqdjMxdkxMRUVmU25JRVY4N3g1THRfaTVlSWFRQnE4SzJvZVp6bnZ2cmdILTIza2NQRlppRDUyVE9XNFFMYXJTM0NGNm8wOVdzQkNuRTlwbWVMVzhqNFdfYThtRFRaNTBVQ3RZQ0Nub1hmWWY1REVqaTJ1TVBaQmpVWTRiSVdRN2pWZlQ4SlZyaHZZemtSeU5yR2FVeDRWa2NrZHdqVzN5UVlYS01oWlRu?oc=5&hl=en-US&gl=US&ceid=US:en,"mientras petro pide reducir tarifas, acolgen señala que los precios de la bolsa de energía están en mínimos históricos",0.9669591932065665,1,Negativa
precio contratos largo plazo energía Colombia,Colombia alcanzaría 4.200 megavatios de capacidad de generación de energía renovable en 2026: gremio,GBM,"Tue, 10 Feb 2026 08:00:00 GMT",https://news.google.com/rss/articles/CBMiygFBVV95cUxQWDg0eXJPV01SZ2VXNWo4N1VqM2JqVkM1WW1yS0p3M3hFR0VTLWVXVE5ORjJoN09VbFhWLURJeVgtLU9vejlWNlJ0M1FZU29fOTlCN3UzX0NQbFllUVR2OWs0Y05vVGREQklLeVJQM1hoN3h4anUwa1dNRDl3OEZHZmN1dXlRczZWOFY0LTdCUVI2ZHZfWjczbGx5bWw4YkUzTHpXOEtIaG1oWTVCZkFxVExqbmx6YkxIbHN4MHVkbXBaMDJzd2ZpMGJn?oc=5&hl=en-US&gl=US&ceid=US:en,colombia alcanzaría 4.200 megavatios de capacidad de generación de energía renovable en 2026: gremio,0.0724724616874859,0,Positiva
precio contratos largo plazo energía Colombia,"Urrá, la represa en medio del debate por las inundaciones en Córdoba",EL PAÍS,"Thu, 12 Feb 2026 08:00:00 GMT",https://news.google.com/rss/articles/CBMiuwFBVV95cUxPaXJXeGVxdFYtRWtFVUVKUGZ5Q1FLM3NWc0RRQkUtZDlSbWxadDBWNHEzQ2wxRHE4dnFhSEtSQnBHV05oSXJMUkc1bktWbnFfUzI3ckpKNG5tbUs2SkxxUjIyT0JxS1hkbkxmanpRRnhhdERjeTlsMkxfenloQ0tkODNKMDdscTZISVVBYkpFRHZDVGx6UXdOVC1JSXE2blJ2NENUbVRWYWtqZFNsblhrcl9DTGxFQzd4LXBZ0gHPAUFVX3lxTE54cWNoSk84QmdIcGZxYWRSMkRySWNmeDUwc0VQWE1uZ0tCSmk1a3k0LS1FdXM4MFpvR0dTUFFHcWJ5dldMd1lMNVZ3Rnl4SGlsQWhqOVoxN3lZMEMxcng0dF9JZnRORkdHWWZwc0xLeVlZSXBJNHpmWHMtM0tRYk9ETFRvUk9ZN3RVU3Y2Q2hzVXhRSXpaSXJqYkFweDJDS1Q3bEZXU3k3Q2ZaaWFVYzRPYnFjYUkweFozRnR1cUIxSHNXYjNteDBpeGtiaG81OA?oc=5&hl=en-US&gl=US&ceid=US:en,"urrá, la represa en medio del debate por las inundaciones en córdoba",0.9735940768327644,1,Negativa
precio contratos largo plazo energía Colombia,Regasificadora del Pacífico logra financiación por US$130 millones de FDN y BTG Pactual: así es el,Valora Analitik,"Tue, 10 Feb 2026 08:00:00 GMT",https://news.google.com/rss/articles/CBMiqAFBVV95cUxNSEpWWThsQllET2VJRzk0SzQ2WWVOYnBpNWtKMUt3SV9UTE5uMTE4N0NRbUpVZ1Rid2dUakxYemZnOHhRaGFXa2x3RzM0WTdYdlkycnBJMVdGT3U3LUNtNFQxdnNKQ2tNeElCSXRpZDVFODFVTHlPeFBwdzFtYzRiWEh4T3djS0U0RWFDVFNvWE1PenBIV3lhRmlHdmI4Und5bUJsTVVKaTXSAa4BQVVfeXFMTUlXTlVqV21QZWJvekE2RENHQ0ozY044ZXVUX0VxamI0ODB4d1liQWlVOXBucUFZb3ZGeTh0ZXRqcFhjY3NRUmdZNEQ1SXdOVEotdkRDQkJzSmR1bFVaMUdYbkxoNEtjNDQ1aEJkM2xWc2hpd1p2Q0txeGpHUU9xMERPR3NKVXFLenVJSklBZmFMSERCN0xRc0JvMUFLaW9QY1dUTGxOZnBTQmNTZ0Nn?oc=5&hl=en-US&gl=US&ceid=US:en,regasificadora del pacífico logra financiación por us$130 millones de fdn y btg pactual: así es el,0.9735940768327644,1,Negativa
precio contratos largo plazo energía Colombia,Estudio de KPMG eleva las alertas por las presiones para abastecer toda la demanda de energía en el país,Portafolio.co,"Sun, 01 Mar 2026 16:00:00 GMT",https://news.google.com/rss/articles/CBMi3gFBVV95cUxPYkYtNHJ3eUVzM0FBUE1DZ3p2b1hqd0JnYzFxcjlSOG5ZcTRGbGpTR3QwbmNMOVBNMDRFejRFZkZzQzRRbmJRRnBzUDVUVG5qMGVqbmNpSmtySVdpVUVMT0U1ZU81cW1CbEJMTXRkZnVmdlZoQWI5MzU4bFpvd0RrbHJMMERzcUNEbXpybjJuUUxKVk1ueDZSR2ctRjJwU3V2UUdwc3ZnamluY3QwZWJsbDBvTmpnQVJiYTZSb3pjQ0pVbzQ5cGtiYVBHZnREM3EzZnh4QVc5YXdFT1g2elHSAeMBQVVfeXFMTmlqenFvTmQ3S1pManVzR2JaUVJIOGJEUWdCakNsYkFFdUd0Y1ZYTGRwQkRpNENQZXhxdXI2VV9wMWpBdW5SdGM5VDBSNEhNZlBESGxaWDNjamZ6VElBdEpuR1ZHYkZiN2ptc2dpU2FJV19rdHlPSVFvNzF0eFVPc1BfbmttcVFOY2FSdDFwaGhDT09abUtKejFUUnVzRjc0U0F2NWV0ZnlyYUt1T1R0OG12dldOWVY4MTdmemdJZVRzZHJNZlE3Y0NrRFNGdVFSWXVTRFJtVlFfek1tMGRrdUtSVVU?oc=5&hl=en-US&gl=US&ceid=US:en,estudio de kpmg eleva las alertas por las presiones para abastecer toda la demanda de energía en el país,0.9735940768327644,1,Negativa
precio contratos largo plazo energía Colombia,El gas en Colombia: de historia de éxito a combustible cada vez más caro,Semana.com,"Sat, 07 Mar 2026 04:02:24 GMT",https://news.google.com/rss/articles/CBMiwgFBVV95cUxPRDRoNGUtZUpvbDNBTW95T1lFcXFFbm51REZuRndmSTdBczB6UVpPdDNvYXQxcGJUWE8xcXlvckhxSHM3T19EMzB4b1d4X0ZkWHQ5dFBGT3U4bWdsREt0eUFmRWlTR0pwR0JabklfaGV1bmxGa0FVMEZseTdsUDRxUjlfcDZBeG5UX1pCMVpMeVlPRmxBbkM4MG9NcVIwbDctYmFWQWs0RWdCZWU0T3lwOTg5a3NNMDBuMDMzdDd3U1dJZ9IBwgFBVV95cUxPRDRoNGUtZUpvbDNBTW95T1lFcXFFbm51REZuRndmSTdBczB6UVpPdDNvYXQxcGJUWE8xcXlvckhxSHM3T19EMzB4b1d4X0ZkWHQ5dFBGT3U4bWdsREt0eUFmRWlTR0pwR0JabklfaGV1bmxGa0FVMEZseTdsUDRxUjlfcDZBeG5UX1pCMVpMeVlPRmxBbkM4MG9NcVIwbDctYmFWQWs0RWdCZWU0T3lwOTg5a3NNMDBuMDMzdDd3U1dJZw?oc=5&hl=en-US&gl=US&ceid=US:en,el gas en colombia: de historia de éxito a combustible cada vez más caro,0.9735940768327644,1,Negativa
precio contratos largo plazo energía Colombia,Colombia reglamenta la autogeneración remota y redefine la conexión de grandes usuarios,Energía Estratégica,"Fri, 06 Mar 2026 12:29:29 GMT",https://news.google.com/rss/articles/CBMiwAFBVV95cUxNd0hEbEZ5MEhUcXByZUxCQXBHS0FRV3ZDSVZwQ28xM21kQTl5SzQ5WFBTZjUxUmEySmFpaHRsVlppT3pOZVlOeFBWTUxpR1VYeUE0T2JzRXc0QTZEODkxNVg0a290UWluOFlrQkZLZ2w4S3djSG1pMTJYNDdaWktLc0U1VnpLS1ZzVVVnV19FOU53RHFrbG80dmM3ZUpGRnppUXNHcUdseTB4VWNUdDNXcTEzeEdCeWgxeWc5aW1haTk?oc=5&hl=en-US&gl=US&ceid=US:en,colombia reglamenta la autogeneración remota y redefine la conexión de grandes usuarios,0.9735940768327644,1,Negativa
riesgo precio energía contratos Colombia,Tarifas de energía en Colombia se estabilizarían en el primer semestre de 2026: Gobierno Petro explicó la razón,Infobae,"Mon, 23 Feb 2026 08:00:00 GMT",https://news.google.com/rss/articles/CBMi6wFBVV95cUxQdmRfWHVLdUJnLXhlUVktdTlGc3VOMTdPZ1JhVTdsR21kdFU4S0E0a2FhQjUyYUJDUHA4TUJRMkVSVUw4c29BSWVndFc1R1R1dUlEZFB3RW1OSlc0am9oMW9xLWtyVDBBTDRMSnJQTFo3Q25SdnhFcG5BQkZTaGxFbVJ3d3VjNkVYWEZQN2xZZ3dFaW1ZWXEzSFdzb2Z5ZFBLZ3ZqeWV0Rzd0NFIzOW9nWFdpWWNiN3ZwTlRYNWszZEtQQWcxcko5SUhQeGt4cDlzaWVvekpRcjZJSmtaal9JMGQ2NVV0UERfZ2hN0gGGAkFVX3lxTE9GRUxmVDZPb2FLQlF5NnB3OUNtQzhKdzlJcWJ1Vk5kT2pHMzByMm9oMDlEaF9lNXNwS2haRWFyQlZ1bWxCVGJqYzVTLVhweE9peWR1THN5c2J1d3ppY0IyV3RVa2RGQWY5WGMtcWZlZlJVM2s1UDhGeVFfRWdGallSc1ZFQTFWeGlaYUhBZ1FJT09fb3loWjlWWlNLbjh4OTlHSWk5aTRneUh1Nm9jS05HRE9lTElVdUtGeHczb1k1SEo5eG9fS0xpYmV2MzkxZ2Y3cC1EMV9DLW9qXzFXanJBblVFRHI2TjE2b2s3ZkxxNWFteFJtQmthRTZ0R2V1SlhUNVlfN0E?oc=5&hl=en-US&gl=US&ceid=US:en,tarifas de energía en colombia se estabilizarían en el primer semestre de 2026: gobierno petro explicó la razón,0.9716133745087822,1,Negativa
riesgo precio energía contratos Colombia,Pulso por las tarifas de energía: ¿las lluvias y medidas del Gobierno Petro lograrán bajar los precios? Esto dicen las empresas,ELTIEMPO.com,"Wed, 18 Feb 2026 08:00:00 GMT",https://news.google.com/rss/articles/CBMihgJBVV95cUxNd01NOHQ4WmtybHpiNFZsSkJPWVNtTElWUUZQdGRmOXAtN0l1V0FqeE45TGZhbzJGallmeWhTcTdYSEhiOWIzM0hGT1ZuOVRqS3NCaWh5WHRSVHJSYS1jT2lVQ1NWQ1pqZm9IVGF4WUxNZ0hsYk42UExlTnY3ekV0SHJrU09GYk5QSnp4V1dzYU1HZnhVaVQwam5BUTlRRnVJakxVdzM2MWgwdVJubDI3LVJmZjZmZXQtbWR1ZEhZYkV4MkRYQ3E1eXljVVBNV3hwQjZpa2EzQXZ1cFA2THRoYnBIdVZxbHhnSDVHQWJhMzE3SDBMZ2wxdWZtYVFIZGlMWmo1TWJ30gGLAkFVX3lxTE1RV0tFTEp2V2VkSk1QMmRvdGJRajJSZlhOZXFOOFAzUjJTRk1IMFM3RXViUS1mTlhLU0Y0V09fX3EtS2tIR3ExcVVSNDMyVzdpRnRRdWNaZEVTS0JIRDBMNTZUYXh0VWtUS0JNNmljZzNzS1NUU0hxaWNycktPOHZndXhVcDRMMm0yNE96eGlhbmt6NTBweXBSaUFSTFprTFEtWmVRY3dTcW5ncWxWdjRSQ0J5Qnl0M19KRTZldC1FbVFEUEJFd2JPcEExNFBOQTE4MlNKRTlGd0xyYlZBekx5TkFodFUtRzVDNGdUVS1GNW56b2pWVGU3UkxpWkF2S3RBc1cxb2xDWUZ2NA?oc=5&hl=en-US&gl=US&ceid=US:en,pulso por las tarifas de energía: ¿las lluvias y medidas del gobierno petro lograrán bajar los precios? esto dicen las empresas,0.0035942794861231167,0,Positiva
riesgo precio energía contratos Colombia,Precio de la energía en bolsa cae a mínimos históricos en 2026 en el país: Acolgen,Caracol Radio,"Fri, 20 Feb 2026 08:00:00 GMT",https://news.google.com/rss/articles/CBMitwFBVV95cUxPS0JmN3hPT0YzckdMLUlhZVVKdjlmY1dUdkVQSXV5bUVvSmFpRloyTUZVbjQtdGduNkhZVFpuTlo3VlNhRUxxU3JwUVBzZDA2Zl9WQmlvaTUzSnhzRmJsdkxVRmpMSGJGaXNHcEFNQ2RjOFhvTk8xeDcxTHhVajFCX0RvMDZWcDZ5VTJ0Q0dPZF80ak8yZVZrQ3lJMC1CbnFNRFBmQzJWOU9PeUtmOGVYZnNBVEpRX1XSAcsBQVVfeXFMT0NEbFgzdlZjdDN2aksxZkswcUpLOUhmeEEtUUNRZjNHeVVuc3RFU0JYY0xHTFRZX0pzVndrM013TmpzQ1ZEaG10bTYwTno2Q0JNTUV2TXN6SXk0eDhscjVYTFFjYTYyUl9oQVNjeEo4b29fM0tzS3N3R0FnX2E4akVHOU5xZ2FibXRDWDZ5dmVWM3BFa2xsaWQ4alBUREdySFhkeGJLZHdZVmtpQ05ObXF0UW04MEhjN2ZwZm9Wcll6WjFzRlVSeTJ4QmM?oc=5&hl=en-US&gl=US&ceid=US:en,precio de la energía en bolsa cae a mínimos históricos en 2026 en el país: acolgen,0.9561881683017494,1,Negativa
riesgo precio energía contratos Colombia,Las precisiones técnicas de los generadores de energía a Petro por el manejo en los vertimientos de los embalses,Portafolio.co,"Mon, 09 Feb 2026 08:00:00 GMT",https://news.google.com/rss/articles/CBMi6AFBVV95cUxNZVpLS3FKb0pZSnIxSTZWeFpwaERkalpMeTdqWW9xS1ZIZGYzNU9NbXktbktlX21QUzIzZXRERXFDVGN5TnBVWFRnUkplUW84N0UxVlNjV0ltYkxfOFZZMkVfRDFSMVZ6ZVpHWVhCNVZyTEZ2d1JIWFJlVG1sM2ZuaFphNTB3eDVWU0FwdDk5bnI4MkdFa1dwbTFINWtVZjB5THI3LWJwVThTcjlzekZpSzNYYXVkTDU0bGRkQ0tfVDdHX2x2bk4tRHkyRWJEUnNUSlVOVVhMUVRwMDcxbDJQbHFOQ3kta0910gHuAUFVX3lxTE5LeGp0VThLT01Kbk9WLTA0U1ZLWHBlX2J5enFQcmg4OWo5YVZ6Szh4MER5RWRuakV2Ykx4ZTFHNXRPUUlJWWNrdmxoS3lJUWRRNWxCQzlTSTh2d3ZHakV3bnVmU3pQZUNZT2QtbDV6Z0FnWjA0aFZyRzNqdXNLbHFRYTVac21panBBUUdIVXF6cXVMSHA2LTMyWndRNHg1SkpaZEhpamlFcTNkeV94QTVyTXprTy11TUFWanJwQzYyT2kxenRxSU83NjAyVFoxMXlISVRNV2ZlSm4tbDR1bVJ4Z0tkQXdDVVRXTWpQNlE?oc=5&hl=en-US&gl=US&ceid=US:en,las precisiones técnicas de los generadores de energía a petro por el manejo en los vertimientos de los embalses,0.9506233141268106,1,Negativa
riesgo precio energía contratos Colombia,"Petro y Fico se enfrentan por tarifas de energía y damnificados, ¿quién tiene la razón? | El Colombiano",El Colombiano,"Fri, 20 Feb 2026 08:00:00 GMT",https://news.google.com/rss/articles/CBMiqAFBVV95cUxPQm1YZ3p2V2VzV09ybVVodGJ2ekl3a21zWVkzU3FrQVFySTBiSjlHckd6REZ2ZUVqeVhBcjQtdFVRRlhfRnRHRGNyQmNoOUtpS2k1VWNtYzA0QTRoaGZOU3huRUtTWF9hUUJBY3Q2eUcwUHBrWFRKUWJiUV9GeVRjbWNTd3otbV9JRXEzWTN1VW92OVJQQU1qdlVqa19zMWZ0QWZQWmpoRm_SAa4BQVVfeXFMTVNrZTNuWVFramd1M1NuempWdkNLYjFPVFBXZ19XYktGMlZCMEZWTGZ1SUpjVDc0SXdsaWgwQklfRzBRQVM2TldkWHBPOFRybENIS19pNUVKS1FKaGdjY2NGa1MzeVN0aHhrMnNjY2ZQTk9RNUFXTkZuOTBXMEFOMTdoRlNGZXFmRlNmYTliakRfM0IxZFExZmlpMUVabnZYR3ZvLXFmU291aFJYSlNn?oc=5&hl=en-US&gl=US&ceid=US:en,"petro y fico se enfrentan por tarifas de energía y damnificados, ¿quién tiene la razón? | el colombiano",0.9716133745087822,1,Negativa
riesgo precio energía contratos Colombia,Generadores responden a Petro y defienden operación técnica de los embalses en plena ola invernal,Forbes Colombia,"Mon, 09 Feb 2026 08:00:00 GMT",https://news.google.com/rss/articles/CBMi1AFBVV95cUxQNXdIVEdLSTdKbndaTXhIMy1LRmY2d3pBRjVNU29SNGhKR0gtWnJxUHBWaVBYSmNTdkIwbzFvSzFDa2dibVFYM29aMjllRWN3cU5aaXh2M1JOclNHRG8tZGFnRVRFbDBTX0VuaThxSmR5OWs0YThXWXJfbU5kNkV5allZTWJnbDhqNTRNelZaOFJsRjVNYXN2aDRaZFFRZzViT3NubmRtbm16ZGtnRzNISlpPNmZOX3R6OXRjVTk4dnUyb2Q3XzZkVFFuSjFRLUh0d3gwSw?oc=5&hl=en-US&gl=US&ceid=US:en,generadores responden a petro y defienden operación técnica de los embalses en plena ola invernal,0.9506233141268106,1,Negativa
riesgo precio energía contratos Colombia,"Urrá, la represa en medio del debate por las inundaciones en Córdoba",EL PAÍS,"Thu, 12 Feb 2026 08:00:00 GMT",https://news.google.com/rss/articles/CBMiuwFBVV95cUxPaXJXeGVxdFYtRWtFVUVKUGZ5Q1FLM3NWc0RRQkUtZDlSbWxadDBWNHEzQ2wxRHE4dnFhSEtSQnBHV05oSXJMUkc1bktWbnFfUzI3ckpKNG5tbUs2SkxxUjIyT0JxS1hkbkxmanpRRnhhdERjeTlsMkxfenloQ0tkODNKMDdscTZISVVBYkpFRHZDVGx6UXdOVC1JSXE2blJ2NENUbVRWYWtqZFNsblhrcl9DTGxFQzd4LXBZ0gHPAUFVX3lxTE54cWNoSk84QmdIcGZxYWRSMkRySWNmeDUwc0VQWE1uZ0tCSmk1a3k0LS1FdXM4MFpvR0dTUFFHcWJ5dldMd1lMNVZ3Rnl4SGlsQWhqOVoxN3lZMEMxcng0dF9JZnRORkdHWWZwc0xLeVlZSXBJNHpmWHMtM0tRYk9ETFRvUk9ZN3RVU3Y2Q2hzVXhRSXpaSXJqYkFweDJDS1Q3bEZXU3k3Q2ZaaWFVYzRPYnFjYUkweFozRnR1cUIxSHNXYjNteDBpeGtiaG81OA?oc=5&hl=en-US&gl=US&ceid=US:en,"urrá, la represa en medio del debate por las inundaciones en córdoba",0.9735940768327644,1,Negativa
riesgo precio energía contratos Colombia,"Inundaciones en Montería: Gobierno Petro culpa a generadoras, pero analistas dicen que falla está en sistema",Valora Analitik,"Mon, 09 Feb 2026 08:00:00 GMT",https://news.google.com/rss/articles/CBMixAFBVV95cUxNbDVWdE8xdXVvYXUwU2VXYkx2dGlzLVpTWkZMdGgyc0xxa0o4SV9FWmh4bzZtZ1dVOWl5ZDdjUmtkQXJVMl9Qdy1sbktFRjc1OWpDdzVoR3NOZHhYaFZCUlVEdU1MTnpQMEFuRzVITEZ4V0pwcTFhTzhMTU41X0E5UEdkZ1l4NllUOHRfcXNwZGdQNGwxaWRCYVJQLUdET1U0aVpmVmxUM24zM2c1cGJuSmZJcWh2NnF5UHRucll0X0NzWTFN0gHKAUFVX3lxTFBhNTB3Rm5qRDZkUXJHNzFubll1ZTB2LURLOE14RWV2NnRTSVdtWFdWN2stRWEwdWNxbGtoVk9LM0w2NlJoWUczMDlxMkFXMHQ1amdGd2QxbExPYzlpSDc2SVZqVHdRNGt6bDVxOFZ4VzF4WW5vako0STFHTEUzeHBONC1BamZhZUVhcTdZdC1zUVFMMnJDSVJGN0YtMVh2dldIMldnZlhLNFEzSjdDQjl1NjZyQWZiUFM5ZnBQd19nWENUUU9DUzJsM2c?oc=5&hl=en-US&gl=US&ceid=US:en,"inundaciones en montería: gobierno petro culpa a generadoras, pero analistas dicen que falla está en sistema",0.9735940768327644,1,Negativa
riesgo precio energía contratos Colombia,Gustavo Petro responsabilizó a generadores de energía de emergencia por el invierno y el gremio le respondió: “No es una decisión discrecional”,Infobae,"Mon, 09 Feb 2026 08:00:00 GMT",https://news.google.com/rss/articles/CBMijAJBVV95cUxNaVc2OFFzc2x2SF9IUWZKbDhmNlkzUnlFU3kybzVwWGpiNVZFdHJBOG9pYWM0UjhVRlhYX2hXZWdKSDQzbHFjekNORE53Qno4TWJhai1EZVVRM05yR29PbkRPamwza1dDUmxOVjY1QlNzTFJ4alBnZXJzaEhRbE5RZXp3Y2ZoeU1DMXpXc09nWHJ2WGNSS2NnSVVJZ1Fsc09zZGI1NmtfX0ptWlZCTndLMDRrYlpoVlZ5R2NkeFlUMHU0Mm1KcXBGcVoxRDdwY3hPckxvMmFKbVZwVURsZ3NmRUc3VVdFU2RmQ3NoVTJMX2V6ek9WSzJlaDZGaTZFdTcwTmVhV055VVhvQmp20gGnAkFVX3lxTFBPWE9nanRGUkxsc1hMLXJhRkJITjZ4UV9fdnJmMlZZN1dYY3lELXlxMmFaWmExUDlNODZYZmNsUUlYanFaOUswTkI4SVNpUk9WNVpXdmpYRlJXM1F5akF1d2I2Q1l1MXNHanhUT0pzX19BSVZScmJDN1cwSGNEZEk4WjhJaXBpeUxERXJVN0llR1p2REtpcjRkR1pqa0N3R1N2bHk4bHFYZmJtT0hLeXNOdjlON1lTSW90MEZzd2todFNodjY0bUZieWZ3dnRNSF9OekM4bmJSb05vQzZXVGhBNGZ6eG5KbjBaNzBLREtITGE5VUoxYXNDUFFSdWxIV05hMzhQcDFJU21qSW9SSDNaVEhDM1czY1pwR2s0bHg5R1hzdXVHelk?oc=5&hl=en-US&gl=US&ceid=US:en,gustavo petro responsabilizó a generadores de energía de emergencia por el invierno y el gremio le respondió: “no es una decisión discrecional”,0.9735940768327644,1,Negativa
riesgo precio energía contratos Colombia,Generadores de energía advierten que no realizar vertimientos en embalses pondría en riesgo la vida y los bienes de las comunidades aguas abajo,ELTIEMPO.com,"Tue, 10 Feb 2026 08:00:00 GMT",https://news.google.com/rss/articles/CBMinwJBVV95cUxNalEtem0tNUZyS3hVTkcydkhteWdfQ191b3ExNVl5VlNRbldpMTZxdDE0UTlRZ0E5OFVjUURvdlEtY0diS0dib0R1M3AxaVFReU9CZUpiMVg3dENRZjdUWnkzYUtxMmRKaEhiZFh2RHo5eGFqWXRfRng3dGNUTXZ6SlRpZF96U3NLb092ejNQUlpzbUFXWHRWbC0wbEVONkh1M1hEUkg5U3pSd0ZUUEVxQmlxM1hfWW1hb3VwRGljcjlpQXNBczVObEVGWmhDeDllajNmQlNfQ1M3aGEyT2xfUUpsRUZ3b1FoOUt6c0tSdTlrZmVOUXN4QjNhTGJQS3RXTHA3ZWZsUkNiNTMzSUQzM3V4dVFxWVJ0dHNaZzhjMNIBpAJBVV95cUxNWVdOMzM4c19kZGlaREQ5TWxROHI4R0JpVjYxZlBHLVlEcVIxWkkySWo2V0M0VUdsV3dpeUJUZ2lndWl4NDAxQXJ1dGd4VzZKNWNPNmp0cHJlLWRJRmFoOEpibi1TRWtkRkZZWjd6RU54WkVTdUJnanVpbC1udUtjSHMwNTR4Y2ZGNko4NlBkX3RXbmNPbzVUZ29YNnhGV1h6cWFlc1IzWTI1YmVveG5NUlA1emlwZmZCQm5uMW5kbGZ2bmw3WWhFbGJRRy0yMmVDQUVYbkFzbTRKMGg3bmVZUHV0S0NIcjJfUnpzNlptTjViQkhHQTBUZWZNV0xDaWotakJrMUZVWkZWR0hGTzhIc3VpQUNLTGtGUTRUUDF2d2xINWVT?oc=5&hl=en-US&gl=US&ceid=US:en,generadores de energía advierten que no realizar vertimientos en embalses pondría en riesgo la vida y los bienes de las comunidades aguas abajo,0.9506233141268106,1,Negativa
riesgo precio energía contratos Colombia,Acolgen responde a Petro por denuncia sobre Urrá en ola fría: embalses no botan agua gratuitamente,Caracol Radio,"Mon, 09 Feb 2026 08:00:00 GMT",https://news.google.com/rss/articles/CBMivAFBVV95cUxNV0JIZWdNak1KOEpCcjJCY2FQMXBzTG94T1JwUGdGcnB3NWVuTUlMa3NsNUlsRUZnaHhmYlZjWEI4bEZqMVU1NzZqZUV0andZXzFCOE1XU0hhZ0czR3ozNmJLQXpmQWFoVkdYY2tyOC15bXQ0c0M0QjdyYnNLTmFlVWxkQlhYNzc5NExTeFJGVTUzaWN3Rm1UU19QbUpCSW50bXFfb0pDQTVDczI4XzNfTXhpa0Nrd0lST2ozUdIB0AFBVV95cUxNeFltOFlDelJwN3JNUUZKLXl1blVUSVRmc1FJSU8wSEh0WVJOdll4MlZMNS1IMm0xWjYzTVFfdkdzeXliRF9Mb2F1Yndfcm1yY1Y3SjBGWmJlUEpWd0wwMmVjT0JSUXA5WVNsWW9YMW12dGY2UXo1RU1KaEtTeDhZUDJ2WnNnSS1CT3I0OExmLTQ2ZTlqSDFVU0JiWlRwdHNsd2ViNWlJVUFJbXpCdHVVdFFhZ09NS3I3WUplRzY3YUVaRkRSdjVOV3ctX2ZoclEt?oc=5&hl=en-US&gl=US&ceid=US:en,acolgen responde a petro por denuncia sobre urrá en ola fría: embalses no botan agua gratuitamente,0.9506233141268106,1,Negativa
riesgo precio energía contratos Colombia,"¿A propósito de Urrá, embalses en Colombia botan o no agua? Acolgen explica cómo operan en temporada de lluvias | El Colombiano",El Colombiano,"Mon, 09 Feb 2026 08:00:00 GMT",https://news.google.com/rss/articles/CBMipAFBVV95cUxOZXVCdUU3cHBmQ0JRaG5RLXVLMWxQMFBrMHRGRXhiWVcyaXczMHdTQUpSSW5qZ18wWndlRDJ3X2dHT2tJcXU1bnd4Qm1DS3pPbl8zOUdJSE8yWHlMeW55RnlkVUZPZ3N0Zi1qZHFFcVNITmJuY0lYdmxjN2YxbUdNdU1kR3dBV2VhUGJXUlA4QjVCcXlHMzhJa1U2UEd2bndOOERwRNIBqgFBVV95cUxNbTlTelJHcFlCYlNMY3RUd0xORzdyVEdLU0tSa1g4ZnNJd3VDWjZ4eWhIcm1sZ2ctTUlOSXdhMWtHaDVjN2xGa0x0OWhvSEh4b0JENGJ4NlJlVld2aS1rV2MyeWg3cGNaTFVGR0o2QWlUSDJ1OXEzSl9IeHk2Y0o4UERSeFZ3S3VKTDBzOWtlWFZuWElJSk4wbUc5UWVJWXZRYVUxZGlOVUpyUQ?oc=5&hl=en-US&gl=US&ceid=US:en,"¿a propósito de urrá, embalses en colombia botan o no agua? acolgen explica cómo operan en temporada de lluvias | el colombiano",0.14160673555686187,0,Positiva
riesgo precio energía contratos Colombia,Nueva medida del Gobierno Petro haría que el precio de la factura de energía baje en plena temporada de lluvias,Infobae,"Tue, 10 Feb 2026 08:00:00 GMT",https://news.google.com/rss/articles/CBMi7AFBVV95cUxPanhyclVRdGlaQldhc19QbzBoQlYyOWd4VVF3eTQyZURwdDVhTWQ4RVJ4LXNLaFk4NVNUVmNiZkVfUngwNVhHeWFNbmdoOVZMaE1KNlYyc3FTMzN3dy1UWTFwQURGLXZLQjRVSTljelhRZnNJSzNBenE0ZkppRHJhMXJXS3V4Z3MyZjhWNjNmRjRyOHBCQTZBY0J3cHlvNTBwT21HdW1jVE4tWmZqWlFXMm82ZGRTOTBkS2ZrMXdTYnFZTmE2cDNvUTJsTnBKemFUNzdwakg1cWVFSkRZYmtnaEtWcnJOa3A4UDZFWtIBhwJBVV95cUxNSVlZUjAyQ3dZay02c05yX0JIOVZGYjlkWEd5M3F4RWxjSEM3N0tPT19yd1p2cFh3b1FRdTdndzBJSzZRTURHRGh4QjB0OEJnS1RxU3R2SDRnN2t6SFJDVVRkS0E4ZGZNN0pMQ1pSdjczYjN0TFA2cFk2eG0xZ09PZDVaLWFjclhfOUs1YjBBZk11QjQ4ZTJ1NjhPVmNoemNIUlZPNXpqSEFaZmFiOVBuRS1ObVhHV2FHdDRHaE1YdjNPQnE0NW15Q0lOcVpiUF9IWDlBM3hEMkdqRHg4Rm5IUU42VjdadDhBbVlQVlJqdlpDYTF0RTFZTjdkY2FsMHh5eXpGaU5xTQ?oc=5&hl=en-US&gl=US&ceid=US:en,nueva medida del gobierno petro haría que el precio de la factura de energía baje en plena temporada de lluvias,0.40155527524519846,0,Positiva
riesgo precio energía contratos Colombia,Gobierno Petro le aplicará nuevos impuestos a las generadoras de energía y gremio lanzó advertencia: “No habría de dónde subir”,Infobae,"Wed, 25 Feb 2026 08:00:00 GMT",https://news.google.com/rss/articles/CBMikgJBVV95cUxNRW8wTl9ueTRWSmFRallIXzNFNDllcDNUUVVTR05YMEdnMmJPWHY3eVQzSmFnOVg3SVRtY3Q1WHBWeW8tSXVaYnNIN0M5ZnEyT2Z4aXp6dm9YT1hQdTY1OHRxN3NlRUJVZ2JLbUdSalE2T3A2eEpBY0pBZF9xQzlMZGdZdDM2MkllbHlBNmcyVnBQOXliZzRZNHZNSlNGd0d4WEEteDkyS2xFN0xtYnJHaTZ3bTVNYXd4NTNRWjEtVlRMdW1rTmFRYmhwNndQMjRjbEg0Q0M5cm1waFVxRy1uMzhESnJMZ3ZSRE1UcHRBaGJ3YjhXWl9QX1NvaFFneVNwcXJKcmp5M0l1Mlk1WnJDSk5B0gGsAkFVX3lxTE9tanVzMnQ0MlFlMjMzd0dVQmF2TG96RUJPYjZ1NXVEQUp5RmRYdTRnTzFKYlB0SEhhbGNpU0VTRGhpandIZjEzU0doWlV0YWJKYlRVZ0RPcEZzY2J3X3FYN0hJVnROMHZZdlNmQzJlNTB4ZXNacjRFdGxheDFVTjVqLVZnOHZYRVA0RktxSjNrSUtPQzJ3QmxDUmYzX3E3S0lveDZrX1pWYS1oYVZYQnNjMkhnaFVDYjdEMlB3WUJleDRCODMwaEhMR290TFNNY3l6OW1JSDJOTWVNZXdWSnkwaXRXcHM5YVBZRTZsSlo0dlZ0MmJVMmdPOUhLVURpWk4zRXgyOUZvTzRudEZ0QXhCRGx1MjBfZldkYzJlMWZ0RnNpM1BzemRVTFZpVQ?oc=5&hl=en-US&gl=US&ceid=US:en,gobierno petro le aplicará nuevos impuestos a las generadoras de energía y gremio lanzó advertencia: “no habría de dónde subir”,0.9735940768327644,1,Negativa
riesgo precio energía contratos Colombia,Así serán los problemas en el servicio de energía que se vienen para los colombianos por los nuevos impuestos del Gobierno Petro,Infobae,"Wed, 25 Feb 2026 08:00:00 GMT",https://news.google.com/rss/articles/CBMigwJBVV95cUxON3EwR3FkMFRlLXpNZFJPQU1zb0J0MUpDeUd5UVJZRnRXQW1wN3pWV0VnWWJraDcwcnlkcnpWbWtQRlpmeXpWckIzNng2R2hrTVdsUlotLVVWZldrYmg3cXI0ci1ubk50Mi0tS1BRZVdDZmQ1RXFoTmVibmVfbmNNLUlBTXVkbndxZy1vU3M3NVMzakNuNGZhc2ZackNpNExybEZHUlQ5UFVzTHZtdDlZLVAyVTR0U2xsTXpFOURLX3pOY1V6cFlUVFVaWWxjS0ZJaXlLY2xENTItS3htTTZZZDBPTV9adFV4VjQzR202MGFQU2tzWS11XzF4bE5Tb3BsOG000gGeAkFVX3lxTE1JYnVVM1pPcjU3ejdCSXRGak5ieUxJUWhMU1FUSnB5d2VYQzlmd2NZQWIwQ1A5bEhocVFnVW5CX1A3WFV0Wmp4MTJIUnZXRnZzWlg4SmR5UmoxaTdmRDVQZ181WDQwejkzSEc4UTA0RVJ4S3prcDJ4eG5rOWIzbDhMc1k5TWtkRFd1Z3RwSkdxOGxPS1gycUluRERtUGFiUkdqbkZINlVFQ1Q1TW9nSloyVzlDcWVDRk0yNkhJRkVDbzNYeGRISmVXeUwzTjY0ZjdpRHJpdk02dEt3eGJuVk9rUFk1TFRZRWtCUzR0dzJ2dEV5ZjMydjJKanZFVGFxZ25EWGJ1NjRWTjdKMGRja3VHcU14RzBRNnF2cGZLa3c?oc=5&hl=en-US&gl=US&ceid=US:en,así serán los problemas en el servicio de energía que se vienen para los colombianos por los nuevos impuestos del gobierno petro,0.9735940768327644,1,Negativa
riesgo precio energía contratos Colombia,Gustavo Petro volvió a cargar contra las hidroeléctricas por sobretasa: “Dejaron llenar los embalses y agudizaron la crisis”,Infobae,"Fri, 27 Feb 2026 08:00:00 GMT",https://news.google.com/rss/articles/CBMi-gFBVV95cUxQTWdKX2E1ZE5fLUVKdG9aVmt2ZTdxa2tud3NDTUppa2xvcE9WZ1Awcm9hWVhpckkxTHhnQWxObkNOOHRua3VGMTI4eFBFZk1qc294SVNLczNOSmFUMXpxbnBXRld3d3pHQl9iX09ta3FsVVl5c0dFXy1IYXp2MlNRaFdTU0M5WVpWbDRxZ3E3S1ZhYzctbk9XTEJqNldJTGtob3M1WDRXTGNLQUdxS2NNZDBaYmdCSjFNbWFyM2VfX0tVcUNXQ2V1WmdQN1l3Z2tKU3NMNnkwZ05HVFdOT2RTd3JCNEFhQkFiek1oOEhZeWVQeEg5LXpxdWp30gGUAkFVX3lxTE5XRmhmcEFEdFBrWV9SckhrWmhmX2pqb2dGamlRNkVzcTRPZG9Fa21yMmthN2JzRm51Y1pfdGc2RWxITWFhYmMxX3VGU3NVbGluekcyQ0J4Ym5Tb1BMMVdaX292WktNaXVYaVVyUGhnXzhMMGVhRl9EVTBrUFhSU3N1VFNMb05nWWZYNEpjc1BEdzRGUGpfUWp5MVBqTVRJLVZXQWNKbGxmYnU4M0o1aFU4ZHNPajdvT0NicW1obzZucjlCeENtaEstd2piVVJxcWdoVHFxTVhIS01PM3Z4Y3RDNDNweGVHTlM2VnNvRFIwcEFOZERZa2IwamQ5WHVtVndsN1dESW5RUmRpSVdValdHc0pHSg?oc=5&hl=en-US&gl=US&ceid=US:en,gustavo petro volvió a cargar contra las hidroeléctricas por sobretasa: “dejaron llenar los embalses y agudizaron la crisis”,0.9557069085631098,1,Negativa
riesgo precio energía contratos Colombia,Emergencia por lluvias: superintendencia adelantó inspección a la hidroeléctrica de Urrá tras órdenes del presidente Petro,Infobae,"Sat, 07 Feb 2026 08:00:00 GMT",https://news.google.com/rss/articles/CBMi-gFBVV95cUxONnZ6UEJBdWZ1d1lKX1FzMkF2RFd2MXpNVHdfZlV6Tlo5NktGSlNURmdhTlhDQ3RBSk5KX1hHbG5hR00zbDRNUGpicUJvTXZqTVVaZFJjR29vdTZQSS1JZ1ExT2lmbVpyUTdabERVMlRKRkhfQkZ5R1R4R09XQjdlY3pGRDVJQjBpSlB6STlFbzItc0x5b2lHUTFEMUM5dWRjMkxKOWFoNVVHaC1mYzZhNWxOV3BCUUFkc2x1WlZvdWRSRkEyNTJEWVNzT1NrQTJzanE2OXpFS2toUFVDblQycFFQRmNtdnZSNFNQclBzcUhCLTFFZVRlVXh30gGUAkFVX3lxTE01bzZLVDJsRVFjckFESk42TmpmZkNYak05Vk5TTzlCb1BoYW1SbGhEWGFxMnp2eTlPeDBWR3p5V19sZlhJS2ZRdkRXazNRUUdWeXNkS3k0ZE1QQVRpMUlzcllQdzJsY3ZWVmkyaW10UF9hNGJmbVJ0dktKbnJDeW9pdERtaTU3MTVYUjN3MDYzbEp6QldWSzVWYUJBVnEtTUwzN3VwUmFSZGl5ZTZDckRBMzJiUC1YVTJCWGQwaHZOSVMyX0hPc251eWIyVjM5SWZLQnVvZE10bkxsamhJRzhqdTA1WkMtYzhiX2J6eEp2dXRKTThpN1ktMEtrdXU3WVhva2xtbUVqWDlxMzQzS1BxdktnNw?oc=5&hl=en-US&gl=US&ceid=US:en,emergencia por lluvias: superintendencia adelantó inspección a la hidroeléctrica de urrá tras órdenes del presidente petro,0.07480119140010578,0,Positiva
riesgo precio energía contratos Colombia,Gustavo Petro calificó como “crimen ambiental” los vertimientos de agua en la hidroeléctrica de Urrá y exigió la renuncia del gerente,Infobae,"Mon, 09 Feb 2026 08:00:00 GMT",https://news.google.com/rss/articles/CBMi_AFBVV95cUxPdVlIWmV3Qi1sZXJCMmFvc0NsREkxOExKMVdTdFFBRFlGc1JTeFJQRG5zU185WUNnSmhseUV1cnBEVlNDQXYxMzB1WUQ2UzMwS0dlZl96T0hMZk1zeGh1eUhvZ2p6T3R3TVBSY2J4NXJQdlVHMExubGZpUnNmNkRFTDBDMWVhejBVUThpUlhITTZTTnk0MWdwcXdyeDVZaHlRQWlScTAwNWNwUW92TUxRVUpTaVdqZWxoenlNYUhBU2VqRkYtcEVod3hjem1YX0VGUEJ1OUFUakxnZklXWmdLSVN2R1lqVENfUEVnY3RiMDBPRVlIQV9qXzVJNEvSAZcCQVVfeXFMTVBaN2hxX1FtYjYxa2RJQzlnd2sxNUpqUjJ4QUNsYVZaRXRNblRBMXk3NXBtbWt0UnZpODdyTkQ0TnMwcWw1cE1HRjZwLTQ0YV84c2NVbUFtYi1iSkNDOVdXd2pxQUwxaEpFT0xSMlpvZzRESU80WXRRaU9SM3RZRWJfNEhqRHU5aTV2WHpldUp6WTFuUWhsUFVuNUsyNTFlaW1tTmZxMzE3TTc1UFkxWExvOG5WQ3N0bnVSSjZsYkdjTTZrbUVCMkRjN3ZrdndvbWZhNW9iZjQzZ2NSN0F0cnZrODZOZWlHaExFNS1OemsyWkRvLU5wazdjY3lpaVVFRzhGb0trTmpZVnNkVlkyUjdERTFyejk4?oc=5&hl=en-US&gl=US&ceid=US:en,gustavo petro calificó como “crimen ambiental” los vertimientos de agua en la hidroeléctrica de urrá y exigió la renuncia del gerente,0.9735940768327644,1,Negativa
